"ppt","stim1","RWAscore","usvalence","response","XP"
"AIIGGHNCBZVT","B1",-0.0473042183325585,-0.5,5,"XP11"
"AIIGGHNCBZVT","M1",-0.0473042183325585,0.5,5,"XP11"
"AIIGGHNCBZVT","M3",-0.0473042183325585,0.5,5,"XP11"
"AIIGGHNCBZVT","B2",-0.0473042183325585,-0.5,6,"XP11"
"AIIGGHNCBZVT","M4",-0.0473042183325585,0.5,5,"XP11"
"AIIGGHNCBZVT","M5",-0.0473042183325585,0.5,4,"XP11"
"AIIGGHNCBZVT","M2",-0.0473042183325585,0.5,7,"XP11"
"AIIGGHNCBZVT","M7",-0.0473042183325585,0.5,5,"XP11"
"AIIGGHNCBZVT","B6",-0.0473042183325585,-0.5,5,"XP11"
"AIIGGHNCBZVT","B3",-0.0473042183325585,-0.5,7,"XP11"
"AIIGGHNCBZVT","B7",-0.0473042183325585,-0.5,4,"XP11"
"AIIGGHNCBZVT","B4",-0.0473042183325585,-0.5,3,"XP11"
"AIIGGHNCBZVT","M6",-0.0473042183325585,0.5,6,"XP11"
"AIIGGHNCBZVT","B8",-0.0473042183325585,-0.5,3,"XP11"
"AIIGGHNCBZVT","M8",-0.0473042183325585,0.5,6,"XP11"
"AIIGGHNCBZVT","B5",-0.0473042183325585,-0.5,3,"XP11"
"AKLNPBHVJPOH","B3",0.109745786531536,0.5,9,"XP11"
"AKLNPBHVJPOH","B8",0.109745786531536,0.5,9,"XP11"
"AKLNPBHVJPOH","B7",0.109745786531536,0.5,9,"XP11"
"AKLNPBHVJPOH","M1",0.109745786531536,-0.5,9,"XP11"
"AKLNPBHVJPOH","M2",0.109745786531536,-0.5,1,"XP11"
"AKLNPBHVJPOH","M8",0.109745786531536,-0.5,1,"XP11"
"AKLNPBHVJPOH","B5",0.109745786531536,0.5,9,"XP11"
"AKLNPBHVJPOH","B6",0.109745786531536,0.5,9,"XP11"
"AKLNPBHVJPOH","M3",0.109745786531536,-0.5,1,"XP11"
"AKLNPBHVJPOH","B1",0.109745786531536,0.5,9,"XP11"
"AKLNPBHVJPOH","M4",0.109745786531536,-0.5,1,"XP11"
"AKLNPBHVJPOH","M5",0.109745786531536,-0.5,1,"XP11"
"AKLNPBHVJPOH","B4",0.109745786531536,0.5,9,"XP11"
"AKLNPBHVJPOH","M7",0.109745786531536,-0.5,1,"XP11"
"AKLNPBHVJPOH","M6",0.109745786531536,-0.5,1,"XP11"
"AKLNPBHVJPOH","B2",0.109745786531536,0.5,9,"XP11"
"AMZIVDGOPDGA","M1",0.423845796259725,-0.5,5,"XP11"
"AMZIVDGOPDGA","M5",0.423845796259725,-0.5,5,"XP11"
"AMZIVDGOPDGA","M7",0.423845796259725,-0.5,5,"XP11"
"AMZIVDGOPDGA","B6",0.423845796259725,0.5,5,"XP11"
"AMZIVDGOPDGA","B8",0.423845796259725,0.5,5,"XP11"
"AMZIVDGOPDGA","B4",0.423845796259725,0.5,5,"XP11"
"AMZIVDGOPDGA","B2",0.423845796259725,0.5,5,"XP11"
"AMZIVDGOPDGA","B5",0.423845796259725,0.5,5,"XP11"
"AMZIVDGOPDGA","M4",0.423845796259725,-0.5,5,"XP11"
"AMZIVDGOPDGA","B7",0.423845796259725,0.5,3,"XP11"
"AMZIVDGOPDGA","M2",0.423845796259725,-0.5,5,"XP11"
"AMZIVDGOPDGA","M6",0.423845796259725,-0.5,5,"XP11"
"AMZIVDGOPDGA","B3",0.423845796259725,0.5,5,"XP11"
"AMZIVDGOPDGA","B1",0.423845796259725,0.5,5,"XP11"
"AMZIVDGOPDGA","M3",0.423845796259725,-0.5,2,"XP11"
"AMZIVDGOPDGA","M8",0.423845796259725,-0.5,5,"XP11"
"BAAUUPYTYYCB","B6",0.528545799502455,-0.5,1,"XP11"
"BAAUUPYTYYCB","M6",0.528545799502455,0.5,9,"XP11"
"BAAUUPYTYYCB","M1",0.528545799502455,0.5,5,"XP11"
"BAAUUPYTYYCB","M2",0.528545799502455,0.5,6,"XP11"
"BAAUUPYTYYCB","B7",0.528545799502455,-0.5,5,"XP11"
"BAAUUPYTYYCB","B8",0.528545799502455,-0.5,4,"XP11"
"BAAUUPYTYYCB","M8",0.528545799502455,0.5,6,"XP11"
"BAAUUPYTYYCB","B4",0.528545799502455,-0.5,4,"XP11"
"BAAUUPYTYYCB","M5",0.528545799502455,0.5,5,"XP11"
"BAAUUPYTYYCB","M7",0.528545799502455,0.5,2,"XP11"
"BAAUUPYTYYCB","M4",0.528545799502455,0.5,5,"XP11"
"BAAUUPYTYYCB","M3",0.528545799502455,0.5,6,"XP11"
"BAAUUPYTYYCB","B2",0.528545799502455,-0.5,4,"XP11"
"BAAUUPYTYYCB","B5",0.528545799502455,-0.5,3,"XP11"
"BAAUUPYTYYCB","B1",0.528545799502455,-0.5,8,"XP11"
"BAAUUPYTYYCB","B3",0.528545799502455,-0.5,5,"XP11"
"BAVZKDSUECPF","B5",0.47619579788109,0.5,5,"XP11"
"BAVZKDSUECPF","M2",0.47619579788109,-0.5,6,"XP11"
"BAVZKDSUECPF","M6",0.47619579788109,-0.5,9,"XP11"
"BAVZKDSUECPF","B6",0.47619579788109,0.5,5,"XP11"
"BAVZKDSUECPF","M5",0.47619579788109,-0.5,6,"XP11"
"BAVZKDSUECPF","B7",0.47619579788109,0.5,4,"XP11"
"BAVZKDSUECPF","B2",0.47619579788109,0.5,5,"XP11"
"BAVZKDSUECPF","B8",0.47619579788109,0.5,6,"XP11"
"BAVZKDSUECPF","M4",0.47619579788109,-0.5,6,"XP11"
"BAVZKDSUECPF","M7",0.47619579788109,-0.5,5,"XP11"
"BAVZKDSUECPF","M8",0.47619579788109,-0.5,5,"XP11"
"BAVZKDSUECPF","B1",0.47619579788109,0.5,5,"XP11"
"BAVZKDSUECPF","M3",0.47619579788109,-0.5,5,"XP11"
"BAVZKDSUECPF","B3",0.47619579788109,0.5,4,"XP11"
"BAVZKDSUECPF","M1",0.47619579788109,-0.5,5,"XP11"
"BAVZKDSUECPF","B4",0.47619579788109,0.5,5,"XP11"
"BJYHGLUNBQJI","M2",0.894995810852008,0.5,4,"XP11"
"BJYHGLUNBQJI","M8",0.894995810852008,0.5,4,"XP11"
"BJYHGLUNBQJI","B2",0.894995810852008,-0.5,6,"XP11"
"BJYHGLUNBQJI","M4",0.894995810852008,0.5,4,"XP11"
"BJYHGLUNBQJI","M5",0.894995810852008,0.5,5,"XP11"
"BJYHGLUNBQJI","M1",0.894995810852008,0.5,6,"XP11"
"BJYHGLUNBQJI","B3",0.894995810852008,-0.5,3,"XP11"
"BJYHGLUNBQJI","M7",0.894995810852008,0.5,4,"XP11"
"BJYHGLUNBQJI","B4",0.894995810852008,-0.5,6,"XP11"
"BJYHGLUNBQJI","B1",0.894995810852008,-0.5,6,"XP11"
"BJYHGLUNBQJI","M3",0.894995810852008,0.5,4,"XP11"
"BJYHGLUNBQJI","B6",0.894995810852008,-0.5,5,"XP11"
"BJYHGLUNBQJI","B5",0.894995810852008,-0.5,5,"XP11"
"BJYHGLUNBQJI","M6",0.894995810852008,0.5,3,"XP11"
"BJYHGLUNBQJI","B7",0.894995810852008,-0.5,7,"XP11"
"BJYHGLUNBQJI","B8",0.894995810852008,-0.5,5,"XP11"
"BZHSTLOWEFXL","B6",0.685595804366549,0.5,9,"XP11"
"BZHSTLOWEFXL","B2",0.685595804366549,0.5,9,"XP11"
"BZHSTLOWEFXL","M4",0.685595804366549,-0.5,2,"XP11"
"BZHSTLOWEFXL","M3",0.685595804366549,-0.5,2,"XP11"
"BZHSTLOWEFXL","M8",0.685595804366549,-0.5,2,"XP11"
"BZHSTLOWEFXL","B1",0.685595804366549,0.5,9,"XP11"
"BZHSTLOWEFXL","M6",0.685595804366549,-0.5,2,"XP11"
"BZHSTLOWEFXL","M5",0.685595804366549,-0.5,2,"XP11"
"BZHSTLOWEFXL","B7",0.685595804366549,0.5,8,"XP11"
"BZHSTLOWEFXL","B3",0.685595804366549,0.5,8,"XP11"
"BZHSTLOWEFXL","B8",0.685595804366549,0.5,9,"XP11"
"BZHSTLOWEFXL","B4",0.685595804366549,0.5,9,"XP11"
"BZHSTLOWEFXL","M7",0.685595804366549,-0.5,2,"XP11"
"BZHSTLOWEFXL","M1",0.685595804366549,-0.5,2,"XP11"
"BZHSTLOWEFXL","B5",0.685595804366549,0.5,9,"XP11"
"BZHSTLOWEFXL","M2",0.685595804366549,-0.5,2,"XP11"
"CFHOXKVABMWT","M3",-1.04195424913849,-0.5,4,"XP11"
"CFHOXKVABMWT","B1",-1.04195424913849,0.5,2,"XP11"
"CFHOXKVABMWT","M2",-1.04195424913849,-0.5,6,"XP11"
"CFHOXKVABMWT","B8",-1.04195424913849,0.5,4,"XP11"
"CFHOXKVABMWT","B3",-1.04195424913849,0.5,4,"XP11"
"CFHOXKVABMWT","M8",-1.04195424913849,-0.5,6,"XP11"
"CFHOXKVABMWT","M6",-1.04195424913849,-0.5,6,"XP11"
"CFHOXKVABMWT","B7",-1.04195424913849,0.5,3,"XP11"
"CFHOXKVABMWT","M5",-1.04195424913849,-0.5,7,"XP11"
"CFHOXKVABMWT","M1",-1.04195424913849,-0.5,6,"XP11"
"CFHOXKVABMWT","B5",-1.04195424913849,0.5,4,"XP11"
"CFHOXKVABMWT","B6",-1.04195424913849,0.5,3,"XP11"
"CFHOXKVABMWT","M7",-1.04195424913849,-0.5,6,"XP11"
"CFHOXKVABMWT","M4",-1.04195424913849,-0.5,7,"XP11"
"CFHOXKVABMWT","B4",-1.04195424913849,0.5,2,"XP11"
"CFHOXKVABMWT","B2",-1.04195424913849,0.5,2,"XP11"
"CGZGUFYDNBVP","B7",0.47619579788109,-0.5,3,"XP11"
"CGZGUFYDNBVP","M2",0.47619579788109,0.5,7,"XP11"
"CGZGUFYDNBVP","B1",0.47619579788109,-0.5,4,"XP11"
"CGZGUFYDNBVP","B8",0.47619579788109,-0.5,3,"XP11"
"CGZGUFYDNBVP","M8",0.47619579788109,0.5,7,"XP11"
"CGZGUFYDNBVP","B4",0.47619579788109,-0.5,3,"XP11"
"CGZGUFYDNBVP","B6",0.47619579788109,-0.5,4,"XP11"
"CGZGUFYDNBVP","B2",0.47619579788109,-0.5,4,"XP11"
"CGZGUFYDNBVP","M1",0.47619579788109,0.5,8,"XP11"
"CGZGUFYDNBVP","M5",0.47619579788109,0.5,8,"XP11"
"CGZGUFYDNBVP","B3",0.47619579788109,-0.5,4,"XP11"
"CGZGUFYDNBVP","M7",0.47619579788109,0.5,7,"XP11"
"CGZGUFYDNBVP","B5",0.47619579788109,-0.5,4,"XP11"
"CGZGUFYDNBVP","M3",0.47619579788109,0.5,7,"XP11"
"CGZGUFYDNBVP","M4",0.47619579788109,0.5,7,"XP11"
"CGZGUFYDNBVP","M6",0.47619579788109,0.5,8,"XP11"
"CHXWQIBDVIVF","B3",-0.0996542199539233,0.5,5,"XP11"
"CHXWQIBDVIVF","B7",-0.0996542199539233,0.5,2,"XP11"
"CHXWQIBDVIVF","B6",-0.0996542199539233,0.5,2,"XP11"
"CHXWQIBDVIVF","M2",-0.0996542199539233,-0.5,2,"XP11"
"CHXWQIBDVIVF","B2",-0.0996542199539233,0.5,8,"XP11"
"CHXWQIBDVIVF","B4",-0.0996542199539233,0.5,7,"XP11"
"CHXWQIBDVIVF","M4",-0.0996542199539233,-0.5,7,"XP11"
"CHXWQIBDVIVF","M3",-0.0996542199539233,-0.5,3,"XP11"
"CHXWQIBDVIVF","M8",-0.0996542199539233,-0.5,1,"XP11"
"CHXWQIBDVIVF","B1",-0.0996542199539233,0.5,8,"XP11"
"CHXWQIBDVIVF","B5",-0.0996542199539233,0.5,6,"XP11"
"CHXWQIBDVIVF","M6",-0.0996542199539233,-0.5,5,"XP11"
"CHXWQIBDVIVF","M1",-0.0996542199539233,-0.5,8,"XP11"
"CHXWQIBDVIVF","M7",-0.0996542199539233,-0.5,8,"XP11"
"CHXWQIBDVIVF","M5",-0.0996542199539233,-0.5,8,"XP11"
"CHXWQIBDVIVF","B8",-0.0996542199539233,0.5,2,"XP11"
"COJKFMAUCXUM","B4",-1.51310426373077,-0.5,7,"XP11"
"COJKFMAUCXUM","M1",-1.51310426373077,0.5,3,"XP11"
"COJKFMAUCXUM","B5",-1.51310426373077,-0.5,6,"XP11"
"COJKFMAUCXUM","B3",-1.51310426373077,-0.5,7,"XP11"
"COJKFMAUCXUM","B1",-1.51310426373077,-0.5,6,"XP11"
"COJKFMAUCXUM","M2",-1.51310426373077,0.5,3,"XP11"
"COJKFMAUCXUM","M4",-1.51310426373077,0.5,2,"XP11"
"COJKFMAUCXUM","M7",-1.51310426373077,0.5,3,"XP11"
"COJKFMAUCXUM","B8",-1.51310426373077,-0.5,6,"XP11"
"COJKFMAUCXUM","M6",-1.51310426373077,0.5,4,"XP11"
"COJKFMAUCXUM","M3",-1.51310426373077,0.5,3,"XP11"
"COJKFMAUCXUM","B2",-1.51310426373077,-0.5,7,"XP11"
"COJKFMAUCXUM","M8",-1.51310426373077,0.5,2,"XP11"
"COJKFMAUCXUM","B6",-1.51310426373077,-0.5,8,"XP11"
"COJKFMAUCXUM","M5",-1.51310426373077,0.5,3,"XP11"
"COJKFMAUCXUM","B7",-1.51310426373077,-0.5,7,"XP11"
"CPFNMPFUHARP","B2",-1.7748542718376,0.5,2,"XP11"
"CPFNMPFUHARP","M5",-1.7748542718376,-0.5,4,"XP11"
"CPFNMPFUHARP","B8",-1.7748542718376,0.5,6,"XP11"
"CPFNMPFUHARP","B7",-1.7748542718376,0.5,6,"XP11"
"CPFNMPFUHARP","B6",-1.7748542718376,0.5,6,"XP11"
"CPFNMPFUHARP","M1",-1.7748542718376,-0.5,4,"XP11"
"CPFNMPFUHARP","M8",-1.7748542718376,-0.5,4,"XP11"
"CPFNMPFUHARP","B5",-1.7748542718376,0.5,6,"XP11"
"CPFNMPFUHARP","B3",-1.7748542718376,0.5,6,"XP11"
"CPFNMPFUHARP","M7",-1.7748542718376,-0.5,4,"XP11"
"CPFNMPFUHARP","M4",-1.7748542718376,-0.5,4,"XP11"
"CPFNMPFUHARP","M6",-1.7748542718376,-0.5,4,"XP11"
"CPFNMPFUHARP","B4",-1.7748542718376,0.5,6,"XP11"
"CPFNMPFUHARP","M3",-1.7748542718376,-0.5,4,"XP11"
"CPFNMPFUHARP","M2",-1.7748542718376,-0.5,4,"XP11"
"CPFNMPFUHARP","B1",-1.7748542718376,0.5,6,"XP11"
"CPXRWJDFQQHB","M7",-0.466104231303477,0.5,8,"XP11"
"CPXRWJDFQQHB","M8",-0.466104231303477,0.5,8,"XP11"
"CPXRWJDFQQHB","M6",-0.466104231303477,0.5,7,"XP11"
"CPXRWJDFQQHB","B7",-0.466104231303477,-0.5,3,"XP11"
"CPXRWJDFQQHB","M2",-0.466104231303477,0.5,9,"XP11"
"CPXRWJDFQQHB","B4",-0.466104231303477,-0.5,2,"XP11"
"CPXRWJDFQQHB","B3",-0.466104231303477,-0.5,3,"XP11"
"CPXRWJDFQQHB","M1",-0.466104231303477,0.5,9,"XP11"
"CPXRWJDFQQHB","B6",-0.466104231303477,-0.5,3,"XP11"
"CPXRWJDFQQHB","M5",-0.466104231303477,0.5,8,"XP11"
"CPXRWJDFQQHB","B1",-0.466104231303477,-0.5,4,"XP11"
"CPXRWJDFQQHB","B5",-0.466104231303477,-0.5,3,"XP11"
"CPXRWJDFQQHB","M3",-0.466104231303477,0.5,8,"XP11"
"CPXRWJDFQQHB","B8",-0.466104231303477,-0.5,3,"XP11"
"CPXRWJDFQQHB","M4",-0.466104231303477,0.5,7,"XP11"
"CPXRWJDFQQHB","B2",-0.466104231303477,-0.5,3,"XP11"
"CSMAXTIHOMEA","B3",1.10439581733747,0.5,5,"XP11"
"CSMAXTIHOMEA","B2",1.10439581733747,0.5,5,"XP11"
"CSMAXTIHOMEA","B8",1.10439581733747,0.5,6,"XP11"
"CSMAXTIHOMEA","M6",1.10439581733747,-0.5,4,"XP11"
"CSMAXTIHOMEA","M7",1.10439581733747,-0.5,6,"XP11"
"CSMAXTIHOMEA","B7",1.10439581733747,0.5,9,"XP11"
"CSMAXTIHOMEA","B4",1.10439581733747,0.5,9,"XP11"
"CSMAXTIHOMEA","B6",1.10439581733747,0.5,1,"XP11"
"CSMAXTIHOMEA","M2",1.10439581733747,-0.5,9,"XP11"
"CSMAXTIHOMEA","B5",1.10439581733747,0.5,9,"XP11"
"CSMAXTIHOMEA","M3",1.10439581733747,-0.5,2,"XP11"
"CSMAXTIHOMEA","M1",1.10439581733747,-0.5,9,"XP11"
"CSMAXTIHOMEA","B1",1.10439581733747,0.5,3,"XP11"
"CSMAXTIHOMEA","M5",1.10439581733747,-0.5,9,"XP11"
"CSMAXTIHOMEA","M8",1.10439581733747,-0.5,1,"XP11"
"CSMAXTIHOMEA","M4",1.10439581733747,-0.5,2,"XP11"
"CUKVAGWNRIVZ","M7",-1.30370425724531,0.5,6,"XP11"
"CUKVAGWNRIVZ","M5",-1.30370425724531,0.5,6,"XP11"
"CUKVAGWNRIVZ","M2",-1.30370425724531,0.5,5,"XP11"
"CUKVAGWNRIVZ","B2",-1.30370425724531,-0.5,6,"XP11"
"CUKVAGWNRIVZ","M4",-1.30370425724531,0.5,5,"XP11"
"CUKVAGWNRIVZ","M6",-1.30370425724531,0.5,6,"XP11"
"CUKVAGWNRIVZ","B7",-1.30370425724531,-0.5,6,"XP11"
"CUKVAGWNRIVZ","M3",-1.30370425724531,0.5,6,"XP11"
"CUKVAGWNRIVZ","B4",-1.30370425724531,-0.5,4,"XP11"
"CUKVAGWNRIVZ","B1",-1.30370425724531,-0.5,4,"XP11"
"CUKVAGWNRIVZ","B5",-1.30370425724531,-0.5,4,"XP11"
"CUKVAGWNRIVZ","B6",-1.30370425724531,-0.5,6,"XP11"
"CUKVAGWNRIVZ","M1",-1.30370425724531,0.5,6,"XP11"
"CUKVAGWNRIVZ","B8",-1.30370425724531,-0.5,4,"XP11"
"CUKVAGWNRIVZ","M8",-1.30370425724531,0.5,5,"XP11"
"CUKVAGWNRIVZ","B3",-1.30370425724531,-0.5,5,"XP11"
"DKRCCRQVUAAC","B5",0.790295807609279,0.5,1,"XP11"
"DKRCCRQVUAAC","M5",0.790295807609279,-0.5,9,"XP11"
"DKRCCRQVUAAC","B1",0.790295807609279,0.5,2,"XP11"
"DKRCCRQVUAAC","B4",0.790295807609279,0.5,9,"XP11"
"DKRCCRQVUAAC","M8",0.790295807609279,-0.5,9,"XP11"
"DKRCCRQVUAAC","M7",0.790295807609279,-0.5,9,"XP11"
"DKRCCRQVUAAC","M6",0.790295807609279,-0.5,9,"XP11"
"DKRCCRQVUAAC","B6",0.790295807609279,0.5,9,"XP11"
"DKRCCRQVUAAC","B3",0.790295807609279,0.5,4,"XP11"
"DKRCCRQVUAAC","M3",0.790295807609279,-0.5,5,"XP11"
"DKRCCRQVUAAC","M4",0.790295807609279,-0.5,9,"XP11"
"DKRCCRQVUAAC","B7",0.790295807609279,0.5,5,"XP11"
"DKRCCRQVUAAC","B2",0.790295807609279,0.5,9,"XP11"
"DKRCCRQVUAAC","M2",0.790295807609279,-0.5,4,"XP11"
"DKRCCRQVUAAC","B8",0.790295807609279,0.5,9,"XP11"
"DKRCCRQVUAAC","M1",0.790295807609279,-0.5,5,"XP11"
"DQFVFRZEJEIS","B7",0.00504578328880631,-0.5,2,"XP11"
"DQFVFRZEJEIS","B2",0.00504578328880631,-0.5,3,"XP11"
"DQFVFRZEJEIS","M7",0.00504578328880631,0.5,7,"XP11"
"DQFVFRZEJEIS","B5",0.00504578328880631,-0.5,4,"XP11"
"DQFVFRZEJEIS","B1",0.00504578328880631,-0.5,4,"XP11"
"DQFVFRZEJEIS","M6",0.00504578328880631,0.5,7,"XP11"
"DQFVFRZEJEIS","B8",0.00504578328880631,-0.5,5,"XP11"
"DQFVFRZEJEIS","M3",0.00504578328880631,0.5,7,"XP11"
"DQFVFRZEJEIS","M1",0.00504578328880631,0.5,5,"XP11"
"DQFVFRZEJEIS","B4",0.00504578328880631,-0.5,6,"XP11"
"DQFVFRZEJEIS","B3",0.00504578328880631,-0.5,5,"XP11"
"DQFVFRZEJEIS","M8",0.00504578328880631,0.5,8,"XP11"
"DQFVFRZEJEIS","M5",0.00504578328880631,0.5,6,"XP11"
"DQFVFRZEJEIS","B6",0.00504578328880631,-0.5,2,"XP11"
"DQFVFRZEJEIS","M2",0.00504578328880631,0.5,7,"XP11"
"DQFVFRZEJEIS","M4",0.00504578328880631,0.5,5,"XP11"
"DRYWKVBLBBFU","B8",1.2090958205802,-0.5,9,"XP11"
"DRYWKVBLBBFU","M8",1.2090958205802,0.5,1,"XP11"
"DRYWKVBLBBFU","M4",1.2090958205802,0.5,1,"XP11"
"DRYWKVBLBBFU","B1",1.2090958205802,-0.5,9,"XP11"
"DRYWKVBLBBFU","M6",1.2090958205802,0.5,1,"XP11"
"DRYWKVBLBBFU","M7",1.2090958205802,0.5,1,"XP11"
"DRYWKVBLBBFU","B6",1.2090958205802,-0.5,9,"XP11"
"DRYWKVBLBBFU","M1",1.2090958205802,0.5,1,"XP11"
"DRYWKVBLBBFU","M3",1.2090958205802,0.5,9,"XP11"
"DRYWKVBLBBFU","B2",1.2090958205802,-0.5,9,"XP11"
"DRYWKVBLBBFU","B5",1.2090958205802,-0.5,9,"XP11"
"DRYWKVBLBBFU","B4",1.2090958205802,-0.5,9,"XP11"
"DRYWKVBLBBFU","B3",1.2090958205802,-0.5,9,"XP11"
"DRYWKVBLBBFU","M2",1.2090958205802,0.5,1,"XP11"
"DRYWKVBLBBFU","M5",1.2090958205802,0.5,1,"XP11"
"DRYWKVBLBBFU","B7",1.2090958205802,-0.5,9,"XP11"
"FULEQKZZZLND","B1",1.78494583841521,0.5,5,"XP11"
"FULEQKZZZLND","M3",1.78494583841521,-0.5,8,"XP11"
"FULEQKZZZLND","B2",1.78494583841521,0.5,5,"XP11"
"FULEQKZZZLND","M4",1.78494583841521,-0.5,8,"XP11"
"FULEQKZZZLND","B3",1.78494583841521,0.5,5,"XP11"
"FULEQKZZZLND","M5",1.78494583841521,-0.5,8,"XP11"
"FULEQKZZZLND","M2",1.78494583841521,-0.5,5,"XP11"
"FULEQKZZZLND","B5",1.78494583841521,0.5,5,"XP11"
"FULEQKZZZLND","B4",1.78494583841521,0.5,5,"XP11"
"FULEQKZZZLND","B8",1.78494583841521,0.5,5,"XP11"
"FULEQKZZZLND","M7",1.78494583841521,-0.5,8,"XP11"
"FULEQKZZZLND","B6",1.78494583841521,0.5,5,"XP11"
"FULEQKZZZLND","M1",1.78494583841521,-0.5,8,"XP11"
"FULEQKZZZLND","M6",1.78494583841521,-0.5,8,"XP11"
"FULEQKZZZLND","M8",1.78494583841521,-0.5,8,"XP11"
"FULEQKZZZLND","B7",1.78494583841521,0.5,5,"XP11"
"GBELODETSULD","B1",-0.152004221575288,-0.5,1,"XP11"
"GBELODETSULD","B4",-0.152004221575288,-0.5,1,"XP11"
"GBELODETSULD","M1",-0.152004221575288,0.5,9,"XP11"
"GBELODETSULD","M6",-0.152004221575288,0.5,9,"XP11"
"GBELODETSULD","M8",-0.152004221575288,0.5,9,"XP11"
"GBELODETSULD","B8",-0.152004221575288,-0.5,1,"XP11"
"GBELODETSULD","B2",-0.152004221575288,-0.5,1,"XP11"
"GBELODETSULD","B3",-0.152004221575288,-0.5,1,"XP11"
"GBELODETSULD","M5",-0.152004221575288,0.5,9,"XP11"
"GBELODETSULD","B7",-0.152004221575288,-0.5,1,"XP11"
"GBELODETSULD","M2",-0.152004221575288,0.5,9,"XP11"
"GBELODETSULD","B5",-0.152004221575288,-0.5,1,"XP11"
"GBELODETSULD","M3",-0.152004221575288,0.5,9,"XP11"
"GBELODETSULD","M4",-0.152004221575288,0.5,8,"XP11"
"GBELODETSULD","M7",-0.152004221575288,0.5,8,"XP11"
"GBELODETSULD","B6",-0.152004221575288,-0.5,1,"XP11"
"GDKLGXZUOAEO","B7",-1.93190427670169,-0.5,7,"XP11"
"GDKLGXZUOAEO","M6",-1.93190427670169,0.5,3,"XP11"
"GDKLGXZUOAEO","M1",-1.93190427670169,0.5,2,"XP11"
"GDKLGXZUOAEO","M8",-1.93190427670169,0.5,3,"XP11"
"GDKLGXZUOAEO","M5",-1.93190427670169,0.5,2,"XP11"
"GDKLGXZUOAEO","B4",-1.93190427670169,-0.5,6,"XP11"
"GDKLGXZUOAEO","M4",-1.93190427670169,0.5,3,"XP11"
"GDKLGXZUOAEO","M7",-1.93190427670169,0.5,4,"XP11"
"GDKLGXZUOAEO","B8",-1.93190427670169,-0.5,3,"XP11"
"GDKLGXZUOAEO","B3",-1.93190427670169,-0.5,8,"XP11"
"GDKLGXZUOAEO","M3",-1.93190427670169,0.5,4,"XP11"
"GDKLGXZUOAEO","M2",-1.93190427670169,0.5,3,"XP11"
"GDKLGXZUOAEO","B1",-1.93190427670169,-0.5,6,"XP11"
"GDKLGXZUOAEO","B6",-1.93190427670169,-0.5,7,"XP11"
"GDKLGXZUOAEO","B2",-1.93190427670169,-0.5,8,"XP11"
"GDKLGXZUOAEO","B5",-1.93190427670169,-0.5,8,"XP11"
"GLYXSFOGJAVU","B2",0.0573957849101711,-0.5,4,"XP11"
"GLYXSFOGJAVU","B3",0.0573957849101711,-0.5,3,"XP11"
"GLYXSFOGJAVU","M4",0.0573957849101711,0.5,5,"XP11"
"GLYXSFOGJAVU","M2",0.0573957849101711,0.5,6,"XP11"
"GLYXSFOGJAVU","M5",0.0573957849101711,0.5,5,"XP11"
"GLYXSFOGJAVU","M8",0.0573957849101711,0.5,6,"XP11"
"GLYXSFOGJAVU","M1",0.0573957849101711,0.5,6,"XP11"
"GLYXSFOGJAVU","B8",0.0573957849101711,-0.5,3,"XP11"
"GLYXSFOGJAVU","M7",0.0573957849101711,0.5,5,"XP11"
"GLYXSFOGJAVU","B4",0.0573957849101711,-0.5,2,"XP11"
"GLYXSFOGJAVU","B1",0.0573957849101711,-0.5,3,"XP11"
"GLYXSFOGJAVU","M6",0.0573957849101711,0.5,5,"XP11"
"GLYXSFOGJAVU","B7",0.0573957849101711,-0.5,2,"XP11"
"GLYXSFOGJAVU","B6",0.0573957849101711,-0.5,2,"XP11"
"GLYXSFOGJAVU","B5",0.0573957849101711,-0.5,3,"XP11"
"GLYXSFOGJAVU","M3",0.0573957849101711,0.5,6,"XP11"
"GPRKWGNWZZXM","M2",-1.56545426535214,0.5,5,"XP11"
"GPRKWGNWZZXM","M4",-1.56545426535214,0.5,5,"XP11"
"GPRKWGNWZZXM","B8",-1.56545426535214,-0.5,4,"XP11"
"GPRKWGNWZZXM","M3",-1.56545426535214,0.5,3,"XP11"
"GPRKWGNWZZXM","M1",-1.56545426535214,0.5,4,"XP11"
"GPRKWGNWZZXM","B5",-1.56545426535214,-0.5,4,"XP11"
"GPRKWGNWZZXM","M7",-1.56545426535214,0.5,4,"XP11"
"GPRKWGNWZZXM","B1",-1.56545426535214,-0.5,3,"XP11"
"GPRKWGNWZZXM","B3",-1.56545426535214,-0.5,4,"XP11"
"GPRKWGNWZZXM","B4",-1.56545426535214,-0.5,4,"XP11"
"GPRKWGNWZZXM","M8",-1.56545426535214,0.5,4,"XP11"
"GPRKWGNWZZXM","B6",-1.56545426535214,-0.5,5,"XP11"
"GPRKWGNWZZXM","B7",-1.56545426535214,-0.5,5,"XP11"
"GPRKWGNWZZXM","M6",-1.56545426535214,0.5,6,"XP11"
"GPRKWGNWZZXM","M5",-1.56545426535214,0.5,6,"XP11"
"GPRKWGNWZZXM","B2",-1.56545426535214,-0.5,3,"XP11"
"GVEJBGHGDLWU","M5",0.319145793016995,0.5,1,"XP11"
"GVEJBGHGDLWU","B5",0.319145793016995,-0.5,6,"XP11"
"GVEJBGHGDLWU","B8",0.319145793016995,-0.5,5,"XP11"
"GVEJBGHGDLWU","M7",0.319145793016995,0.5,1,"XP11"
"GVEJBGHGDLWU","B4",0.319145793016995,-0.5,8,"XP11"
"GVEJBGHGDLWU","M4",0.319145793016995,0.5,2,"XP11"
"GVEJBGHGDLWU","M2",0.319145793016995,0.5,2,"XP11"
"GVEJBGHGDLWU","M6",0.319145793016995,0.5,2,"XP11"
"GVEJBGHGDLWU","M8",0.319145793016995,0.5,2,"XP11"
"GVEJBGHGDLWU","B2",0.319145793016995,-0.5,2,"XP11"
"GVEJBGHGDLWU","B3",0.319145793016995,-0.5,5,"XP11"
"GVEJBGHGDLWU","M3",0.319145793016995,0.5,5,"XP11"
"GVEJBGHGDLWU","B1",0.319145793016995,-0.5,5,"XP11"
"GVEJBGHGDLWU","B6",0.319145793016995,-0.5,5,"XP11"
"GVEJBGHGDLWU","B7",0.319145793016995,-0.5,5,"XP11"
"GVEJBGHGDLWU","M1",0.319145793016995,0.5,2,"XP11"
"GVQHQFGZMGOR","B2",0.790295807609279,0.5,7,"XP11"
"GVQHQFGZMGOR","M8",0.790295807609279,-0.5,9,"XP11"
"GVQHQFGZMGOR","B8",0.790295807609279,0.5,5,"XP11"
"GVQHQFGZMGOR","M7",0.790295807609279,-0.5,8,"XP11"
"GVQHQFGZMGOR","B5",0.790295807609279,0.5,5,"XP11"
"GVQHQFGZMGOR","M5",0.790295807609279,-0.5,6,"XP11"
"GVQHQFGZMGOR","M4",0.790295807609279,-0.5,4,"XP11"
"GVQHQFGZMGOR","B7",0.790295807609279,0.5,3,"XP11"
"GVQHQFGZMGOR","M6",0.790295807609279,-0.5,8,"XP11"
"GVQHQFGZMGOR","M3",0.790295807609279,-0.5,7,"XP11"
"GVQHQFGZMGOR","M1",0.790295807609279,-0.5,5,"XP11"
"GVQHQFGZMGOR","B6",0.790295807609279,0.5,4,"XP11"
"GVQHQFGZMGOR","B4",0.790295807609279,0.5,6,"XP11"
"GVQHQFGZMGOR","M2",0.790295807609279,-0.5,8,"XP11"
"GVQHQFGZMGOR","B3",0.790295807609279,0.5,2,"XP11"
"GVQHQFGZMGOR","B1",0.790295807609279,0.5,5,"XP11"
"GZNJRDNIJLHC","M5",0.528545799502455,0.5,3,"XP11"
"GZNJRDNIJLHC","B1",0.528545799502455,-0.5,6,"XP11"
"GZNJRDNIJLHC","B6",0.528545799502455,-0.5,5,"XP11"
"GZNJRDNIJLHC","M1",0.528545799502455,0.5,2,"XP11"
"GZNJRDNIJLHC","B5",0.528545799502455,-0.5,5,"XP11"
"GZNJRDNIJLHC","B7",0.528545799502455,-0.5,4,"XP11"
"GZNJRDNIJLHC","M6",0.528545799502455,0.5,6,"XP11"
"GZNJRDNIJLHC","B2",0.528545799502455,-0.5,5,"XP11"
"GZNJRDNIJLHC","B3",0.528545799502455,-0.5,7,"XP11"
"GZNJRDNIJLHC","M8",0.528545799502455,0.5,3,"XP11"
"GZNJRDNIJLHC","B4",0.528545799502455,-0.5,6,"XP11"
"GZNJRDNIJLHC","M7",0.528545799502455,0.5,4,"XP11"
"GZNJRDNIJLHC","B8",0.528545799502455,-0.5,4,"XP11"
"GZNJRDNIJLHC","M2",0.528545799502455,0.5,6,"XP11"
"GZNJRDNIJLHC","M3",0.528545799502455,0.5,3,"XP11"
"GZNJRDNIJLHC","M4",0.528545799502455,0.5,6,"XP11"
"HIFJZXOVMZQS","M5",-1.35605425886668,-0.5,1,"XP11"
"HIFJZXOVMZQS","M2",-1.35605425886668,-0.5,1,"XP11"
"HIFJZXOVMZQS","M8",-1.35605425886668,-0.5,5,"XP11"
"HIFJZXOVMZQS","M7",-1.35605425886668,-0.5,1,"XP11"
"HIFJZXOVMZQS","M4",-1.35605425886668,-0.5,1,"XP11"
"HIFJZXOVMZQS","M1",-1.35605425886668,-0.5,1,"XP11"
"HIFJZXOVMZQS","B8",-1.35605425886668,0.5,3,"XP11"
"HIFJZXOVMZQS","B1",-1.35605425886668,0.5,7,"XP11"
"HIFJZXOVMZQS","B3",-1.35605425886668,0.5,7,"XP11"
"HIFJZXOVMZQS","B6",-1.35605425886668,0.5,7,"XP11"
"HIFJZXOVMZQS","B5",-1.35605425886668,0.5,7,"XP11"
"HIFJZXOVMZQS","B7",-1.35605425886668,0.5,7,"XP11"
"HIFJZXOVMZQS","M3",-1.35605425886668,-0.5,4,"XP11"
"HIFJZXOVMZQS","B4",-1.35605425886668,0.5,7,"XP11"
"HIFJZXOVMZQS","M6",-1.35605425886668,-0.5,1,"XP11"
"HIFJZXOVMZQS","B2",-1.35605425886668,0.5,7,"XP11"
"HYMCSEFLNWSW","B3",0.528545799502455,-0.5,2,"XP11"
"HYMCSEFLNWSW","M8",0.528545799502455,0.5,8,"XP11"
"HYMCSEFLNWSW","M7",0.528545799502455,0.5,7,"XP11"
"HYMCSEFLNWSW","M6",0.528545799502455,0.5,7,"XP11"
"HYMCSEFLNWSW","M5",0.528545799502455,0.5,8,"XP11"
"HYMCSEFLNWSW","M4",0.528545799502455,0.5,7,"XP11"
"HYMCSEFLNWSW","M1",0.528545799502455,0.5,7,"XP11"
"HYMCSEFLNWSW","B8",0.528545799502455,-0.5,3,"XP11"
"HYMCSEFLNWSW","B2",0.528545799502455,-0.5,3,"XP11"
"HYMCSEFLNWSW","B1",0.528545799502455,-0.5,5,"XP11"
"HYMCSEFLNWSW","B7",0.528545799502455,-0.5,2,"XP11"
"HYMCSEFLNWSW","B5",0.528545799502455,-0.5,3,"XP11"
"HYMCSEFLNWSW","M3",0.528545799502455,0.5,8,"XP11"
"HYMCSEFLNWSW","B6",0.528545799502455,-0.5,9,"XP11"
"HYMCSEFLNWSW","B4",0.528545799502455,-0.5,2,"XP11"
"HYMCSEFLNWSW","M2",0.528545799502455,0.5,8,"XP11"
"IFHEYXBOOLMJ","B5",0.528545799502455,0.5,3,"XP11"
"IFHEYXBOOLMJ","M4",0.528545799502455,-0.5,2,"XP11"
"IFHEYXBOOLMJ","M3",0.528545799502455,-0.5,2,"XP11"
"IFHEYXBOOLMJ","B8",0.528545799502455,0.5,2,"XP11"
"IFHEYXBOOLMJ","B7",0.528545799502455,0.5,2,"XP11"
"IFHEYXBOOLMJ","B6",0.528545799502455,0.5,4,"XP11"
"IFHEYXBOOLMJ","M5",0.528545799502455,-0.5,3,"XP11"
"IFHEYXBOOLMJ","B3",0.528545799502455,0.5,6,"XP11"
"IFHEYXBOOLMJ","M6",0.528545799502455,-0.5,2,"XP11"
"IFHEYXBOOLMJ","B2",0.528545799502455,0.5,5,"XP11"
"IFHEYXBOOLMJ","B4",0.528545799502455,0.5,5,"XP11"
"IFHEYXBOOLMJ","M7",0.528545799502455,-0.5,5,"XP11"
"IFHEYXBOOLMJ","M8",0.528545799502455,-0.5,2,"XP11"
"IFHEYXBOOLMJ","B1",0.528545799502455,0.5,2,"XP11"
"IFHEYXBOOLMJ","M1",0.528545799502455,-0.5,5,"XP11"
"IFHEYXBOOLMJ","M2",0.528545799502455,-0.5,3,"XP11"
"ITTIUNGVHDYP","M7",0.947345812473373,-0.5,1,"XP11"
"ITTIUNGVHDYP","B2",0.947345812473373,0.5,7,"XP11"
"ITTIUNGVHDYP","B7",0.947345812473373,0.5,6,"XP11"
"ITTIUNGVHDYP","M5",0.947345812473373,-0.5,1,"XP11"
"ITTIUNGVHDYP","M1",0.947345812473373,-0.5,1,"XP11"
"ITTIUNGVHDYP","B4",0.947345812473373,0.5,6,"XP11"
"ITTIUNGVHDYP","B3",0.947345812473373,0.5,7,"XP11"
"ITTIUNGVHDYP","M8",0.947345812473373,-0.5,1,"XP11"
"ITTIUNGVHDYP","M4",0.947345812473373,-0.5,2,"XP11"
"ITTIUNGVHDYP","B5",0.947345812473373,0.5,9,"XP11"
"ITTIUNGVHDYP","B6",0.947345812473373,0.5,4,"XP11"
"ITTIUNGVHDYP","M6",0.947345812473373,-0.5,2,"XP11"
"ITTIUNGVHDYP","B8",0.947345812473373,0.5,7,"XP11"
"ITTIUNGVHDYP","B1",0.947345812473373,0.5,8,"XP11"
"ITTIUNGVHDYP","M3",0.947345812473373,-0.5,1,"XP11"
"ITTIUNGVHDYP","M2",0.947345812473373,-0.5,2,"XP11"
"IVUNHZZNRLKW","B8",0.47619579788109,0.5,5,"XP11"
"IVUNHZZNRLKW","B3",0.47619579788109,0.5,6,"XP11"
"IVUNHZZNRLKW","M2",0.47619579788109,-0.5,4,"XP11"
"IVUNHZZNRLKW","B6",0.47619579788109,0.5,5,"XP11"
"IVUNHZZNRLKW","M4",0.47619579788109,-0.5,2,"XP11"
"IVUNHZZNRLKW","B7",0.47619579788109,0.5,5,"XP11"
"IVUNHZZNRLKW","B2",0.47619579788109,0.5,4,"XP11"
"IVUNHZZNRLKW","M3",0.47619579788109,-0.5,5,"XP11"
"IVUNHZZNRLKW","M7",0.47619579788109,-0.5,6,"XP11"
"IVUNHZZNRLKW","M5",0.47619579788109,-0.5,8,"XP11"
"IVUNHZZNRLKW","M1",0.47619579788109,-0.5,6,"XP11"
"IVUNHZZNRLKW","M6",0.47619579788109,-0.5,5,"XP11"
"IVUNHZZNRLKW","B4",0.47619579788109,0.5,4,"XP11"
"IVUNHZZNRLKW","M8",0.47619579788109,-0.5,6,"XP11"
"IVUNHZZNRLKW","B1",0.47619579788109,0.5,5,"XP11"
"IVUNHZZNRLKW","B5",0.47619579788109,0.5,8,"XP11"
"IYFGOBKXFFTW","B7",-1.35605425886668,0.5,8,"XP11"
"IYFGOBKXFFTW","M8",-1.35605425886668,-0.5,1,"XP11"
"IYFGOBKXFFTW","M7",-1.35605425886668,-0.5,2,"XP11"
"IYFGOBKXFFTW","B5",-1.35605425886668,0.5,8,"XP11"
"IYFGOBKXFFTW","B3",-1.35605425886668,0.5,8,"XP11"
"IYFGOBKXFFTW","B6",-1.35605425886668,0.5,7,"XP11"
"IYFGOBKXFFTW","M3",-1.35605425886668,-0.5,2,"XP11"
"IYFGOBKXFFTW","B1",-1.35605425886668,0.5,7,"XP11"
"IYFGOBKXFFTW","M1",-1.35605425886668,-0.5,1,"XP11"
"IYFGOBKXFFTW","M4",-1.35605425886668,-0.5,2,"XP11"
"IYFGOBKXFFTW","M6",-1.35605425886668,-0.5,1,"XP11"
"IYFGOBKXFFTW","B2",-1.35605425886668,0.5,9,"XP11"
"IYFGOBKXFFTW","B8",-1.35605425886668,0.5,8,"XP11"
"IYFGOBKXFFTW","M5",-1.35605425886668,-0.5,1,"XP11"
"IYFGOBKXFFTW","B4",-1.35605425886668,0.5,5,"XP11"
"IYFGOBKXFFTW","M2",-1.35605425886668,-0.5,3,"XP11"
"IYHXNVRHBQRA","M8",0.47619579788109,-0.5,1,"XP11"
"IYHXNVRHBQRA","M5",0.47619579788109,-0.5,1,"XP11"
"IYHXNVRHBQRA","B7",0.47619579788109,0.5,9,"XP11"
"IYHXNVRHBQRA","B3",0.47619579788109,0.5,9,"XP11"
"IYHXNVRHBQRA","M3",0.47619579788109,-0.5,1,"XP11"
"IYHXNVRHBQRA","M7",0.47619579788109,-0.5,1,"XP11"
"IYHXNVRHBQRA","M4",0.47619579788109,-0.5,1,"XP11"
"IYHXNVRHBQRA","B1",0.47619579788109,0.5,9,"XP11"
"IYHXNVRHBQRA","M1",0.47619579788109,-0.5,1,"XP11"
"IYHXNVRHBQRA","B8",0.47619579788109,0.5,9,"XP11"
"IYHXNVRHBQRA","B6",0.47619579788109,0.5,9,"XP11"
"IYHXNVRHBQRA","B4",0.47619579788109,0.5,9,"XP11"
"IYHXNVRHBQRA","B2",0.47619579788109,0.5,9,"XP11"
"IYHXNVRHBQRA","M6",0.47619579788109,-0.5,1,"XP11"
"IYHXNVRHBQRA","B5",0.47619579788109,0.5,9,"XP11"
"IYHXNVRHBQRA","M2",0.47619579788109,-0.5,1,"XP11"
"JFDHVSYOSQQF","B8",0.109745786531536,0.5,9,"XP11"
"JFDHVSYOSQQF","M8",0.109745786531536,-0.5,2,"XP11"
"JFDHVSYOSQQF","M4",0.109745786531536,-0.5,2,"XP11"
"JFDHVSYOSQQF","B1",0.109745786531536,0.5,9,"XP11"
"JFDHVSYOSQQF","B4",0.109745786531536,0.5,9,"XP11"
"JFDHVSYOSQQF","M1",0.109745786531536,-0.5,2,"XP11"
"JFDHVSYOSQQF","M3",0.109745786531536,-0.5,1,"XP11"
"JFDHVSYOSQQF","M7",0.109745786531536,-0.5,1,"XP11"
"JFDHVSYOSQQF","B6",0.109745786531536,0.5,9,"XP11"
"JFDHVSYOSQQF","B5",0.109745786531536,0.5,9,"XP11"
"JFDHVSYOSQQF","B2",0.109745786531536,0.5,9,"XP11"
"JFDHVSYOSQQF","M5",0.109745786531536,-0.5,9,"XP11"
"JFDHVSYOSQQF","B7",0.109745786531536,0.5,9,"XP11"
"JFDHVSYOSQQF","M6",0.109745786531536,-0.5,1,"XP11"
"JFDHVSYOSQQF","B3",0.109745786531536,0.5,9,"XP11"
"JFDHVSYOSQQF","M2",0.109745786531536,-0.5,2,"XP11"
"KDKIDHIXCKWR","M1",0.737945805987914,0.5,5,"XP11"
"KDKIDHIXCKWR","B8",0.737945805987914,-0.5,7,"XP11"
"KDKIDHIXCKWR","B1",0.737945805987914,-0.5,6,"XP11"
"KDKIDHIXCKWR","M3",0.737945805987914,0.5,4,"XP11"
"KDKIDHIXCKWR","B2",0.737945805987914,-0.5,5,"XP11"
"KDKIDHIXCKWR","B7",0.737945805987914,-0.5,2,"XP11"
"KDKIDHIXCKWR","M8",0.737945805987914,0.5,6,"XP11"
"KDKIDHIXCKWR","B4",0.737945805987914,-0.5,6,"XP11"
"KDKIDHIXCKWR","B6",0.737945805987914,-0.5,2,"XP11"
"KDKIDHIXCKWR","B5",0.737945805987914,-0.5,7,"XP11"
"KDKIDHIXCKWR","B3",0.737945805987914,-0.5,6,"XP11"
"KDKIDHIXCKWR","M4",0.737945805987914,0.5,7,"XP11"
"KDKIDHIXCKWR","M2",0.737945805987914,0.5,8,"XP11"
"KDKIDHIXCKWR","M6",0.737945805987914,0.5,3,"XP11"
"KDKIDHIXCKWR","M7",0.737945805987914,0.5,3,"XP11"
"KDKIDHIXCKWR","M5",0.737945805987914,0.5,3,"XP11"
"KGMOIYFMRIFQ","M3",-1.30370425724531,-0.5,4,"XP11"
"KGMOIYFMRIFQ","M5",-1.30370425724531,-0.5,4,"XP11"
"KGMOIYFMRIFQ","M1",-1.30370425724531,-0.5,4,"XP11"
"KGMOIYFMRIFQ","B7",-1.30370425724531,0.5,6,"XP11"
"KGMOIYFMRIFQ","B5",-1.30370425724531,0.5,6,"XP11"
"KGMOIYFMRIFQ","B3",-1.30370425724531,0.5,6,"XP11"
"KGMOIYFMRIFQ","M2",-1.30370425724531,-0.5,4,"XP11"
"KGMOIYFMRIFQ","B8",-1.30370425724531,0.5,6,"XP11"
"KGMOIYFMRIFQ","M4",-1.30370425724531,-0.5,4,"XP11"
"KGMOIYFMRIFQ","B4",-1.30370425724531,0.5,6,"XP11"
"KGMOIYFMRIFQ","B2",-1.30370425724531,0.5,6,"XP11"
"KGMOIYFMRIFQ","M7",-1.30370425724531,-0.5,4,"XP11"
"KGMOIYFMRIFQ","M6",-1.30370425724531,-0.5,4,"XP11"
"KGMOIYFMRIFQ","B1",-1.30370425724531,0.5,6,"XP11"
"KGMOIYFMRIFQ","M8",-1.30370425724531,-0.5,4,"XP11"
"KGMOIYFMRIFQ","B6",-1.30370425724531,0.5,6,"XP11"
"KIWGFBBTKJKN","M7",0.37149579463836,0.5,8,"XP11"
"KIWGFBBTKJKN","M8",0.37149579463836,0.5,7,"XP11"
"KIWGFBBTKJKN","M6",0.37149579463836,0.5,6,"XP11"
"KIWGFBBTKJKN","B4",0.37149579463836,-0.5,8,"XP11"
"KIWGFBBTKJKN","B1",0.37149579463836,-0.5,9,"XP11"
"KIWGFBBTKJKN","M1",0.37149579463836,0.5,2,"XP11"
"KIWGFBBTKJKN","B3",0.37149579463836,-0.5,8,"XP11"
"KIWGFBBTKJKN","M4",0.37149579463836,0.5,5,"XP11"
"KIWGFBBTKJKN","M3",0.37149579463836,0.5,5,"XP11"
"KIWGFBBTKJKN","B5",0.37149579463836,-0.5,9,"XP11"
"KIWGFBBTKJKN","B8",0.37149579463836,-0.5,9,"XP11"
"KIWGFBBTKJKN","B2",0.37149579463836,-0.5,4,"XP11"
"KIWGFBBTKJKN","B6",0.37149579463836,-0.5,9,"XP11"
"KIWGFBBTKJKN","M5",0.37149579463836,0.5,4,"XP11"
"KIWGFBBTKJKN","B7",0.37149579463836,-0.5,9,"XP11"
"KIWGFBBTKJKN","M2",0.37149579463836,0.5,4,"XP11"
"KOSCJXKMRLJB","B3",-1.19900425400258,0.5,3,"XP11"
"KOSCJXKMRLJB","M5",-1.19900425400258,-0.5,5,"XP11"
"KOSCJXKMRLJB","M2",-1.19900425400258,-0.5,3,"XP11"
"KOSCJXKMRLJB","B2",-1.19900425400258,0.5,7,"XP11"
"KOSCJXKMRLJB","B6",-1.19900425400258,0.5,4,"XP11"
"KOSCJXKMRLJB","B8",-1.19900425400258,0.5,3,"XP11"
"KOSCJXKMRLJB","B1",-1.19900425400258,0.5,5,"XP11"
"KOSCJXKMRLJB","M7",-1.19900425400258,-0.5,4,"XP11"
"KOSCJXKMRLJB","B5",-1.19900425400258,0.5,7,"XP11"
"KOSCJXKMRLJB","M3",-1.19900425400258,-0.5,7,"XP11"
"KOSCJXKMRLJB","M4",-1.19900425400258,-0.5,5,"XP11"
"KOSCJXKMRLJB","B7",-1.19900425400258,0.5,7,"XP11"
"KOSCJXKMRLJB","M8",-1.19900425400258,-0.5,3,"XP11"
"KOSCJXKMRLJB","B4",-1.19900425400258,0.5,4,"XP11"
"KOSCJXKMRLJB","M6",-1.19900425400258,-0.5,7,"XP11"
"KOSCJXKMRLJB","M1",-1.19900425400258,-0.5,7,"XP11"
"KWWRTPQMVXOI","M4",-1.51310426373077,-0.5,6,"XP11"
"KWWRTPQMVXOI","B1",-1.51310426373077,0.5,4,"XP11"
"KWWRTPQMVXOI","M7",-1.51310426373077,-0.5,7,"XP11"
"KWWRTPQMVXOI","M6",-1.51310426373077,-0.5,6,"XP11"
"KWWRTPQMVXOI","B5",-1.51310426373077,0.5,3,"XP11"
"KWWRTPQMVXOI","M3",-1.51310426373077,-0.5,5,"XP11"
"KWWRTPQMVXOI","M1",-1.51310426373077,-0.5,6,"XP11"
"KWWRTPQMVXOI","B6",-1.51310426373077,0.5,3,"XP11"
"KWWRTPQMVXOI","B4",-1.51310426373077,0.5,4,"XP11"
"KWWRTPQMVXOI","M8",-1.51310426373077,-0.5,6,"XP11"
"KWWRTPQMVXOI","B7",-1.51310426373077,0.5,6,"XP11"
"KWWRTPQMVXOI","B2",-1.51310426373077,0.5,4,"XP11"
"KWWRTPQMVXOI","B3",-1.51310426373077,0.5,4,"XP11"
"KWWRTPQMVXOI","M5",-1.51310426373077,-0.5,6,"XP11"
"KWWRTPQMVXOI","B8",-1.51310426373077,0.5,5,"XP11"
"KWWRTPQMVXOI","M2",-1.51310426373077,-0.5,7,"XP11"
"KXJMYBYCBPML","B5",0.00504578328880631,0.5,7,"XP11"
"KXJMYBYCBPML","M1",0.00504578328880631,-0.5,5,"XP11"
"KXJMYBYCBPML","M2",0.00504578328880631,-0.5,6,"XP11"
"KXJMYBYCBPML","B2",0.00504578328880631,0.5,5,"XP11"
"KXJMYBYCBPML","B1",0.00504578328880631,0.5,8,"XP11"
"KXJMYBYCBPML","M5",0.00504578328880631,-0.5,7,"XP11"
"KXJMYBYCBPML","B3",0.00504578328880631,0.5,7,"XP11"
"KXJMYBYCBPML","B7",0.00504578328880631,0.5,6,"XP11"
"KXJMYBYCBPML","M6",0.00504578328880631,-0.5,7,"XP11"
"KXJMYBYCBPML","B8",0.00504578328880631,0.5,5,"XP11"
"KXJMYBYCBPML","M4",0.00504578328880631,-0.5,4,"XP11"
"KXJMYBYCBPML","M7",0.00504578328880631,-0.5,6,"XP11"
"KXJMYBYCBPML","B4",0.00504578328880631,0.5,7,"XP11"
"KXJMYBYCBPML","M8",0.00504578328880631,-0.5,7,"XP11"
"KXJMYBYCBPML","B6",0.00504578328880631,0.5,6,"XP11"
"KXJMYBYCBPML","M3",0.00504578328880631,-0.5,6,"XP11"
"KZYKSLQQEYWO","M6",0.737945805987914,-0.5,1,"XP11"
"KZYKSLQQEYWO","B4",0.737945805987914,0.5,7,"XP11"
"KZYKSLQQEYWO","M5",0.737945805987914,-0.5,2,"XP11"
"KZYKSLQQEYWO","M1",0.737945805987914,-0.5,8,"XP11"
"KZYKSLQQEYWO","M7",0.737945805987914,-0.5,2,"XP11"
"KZYKSLQQEYWO","B7",0.737945805987914,0.5,8,"XP11"
"KZYKSLQQEYWO","M3",0.737945805987914,-0.5,1,"XP11"
"KZYKSLQQEYWO","M8",0.737945805987914,-0.5,1,"XP11"
"KZYKSLQQEYWO","B5",0.737945805987914,0.5,9,"XP11"
"KZYKSLQQEYWO","M4",0.737945805987914,-0.5,1,"XP11"
"KZYKSLQQEYWO","M2",0.737945805987914,-0.5,1,"XP11"
"KZYKSLQQEYWO","B6",0.737945805987914,0.5,9,"XP11"
"KZYKSLQQEYWO","B3",0.737945805987914,0.5,9,"XP11"
"KZYKSLQQEYWO","B1",0.737945805987914,0.5,9,"XP11"
"KZYKSLQQEYWO","B8",0.737945805987914,0.5,9,"XP11"
"KZYKSLQQEYWO","B2",0.737945805987914,0.5,9,"XP11"
"LTVNVEKCPOXJ","B8",-1.09430425075986,0.5,6,"XP11"
"LTVNVEKCPOXJ","B7",-1.09430425075986,0.5,5,"XP11"
"LTVNVEKCPOXJ","B5",-1.09430425075986,0.5,5,"XP11"
"LTVNVEKCPOXJ","B6",-1.09430425075986,0.5,5,"XP11"
"LTVNVEKCPOXJ","M7",-1.09430425075986,-0.5,2,"XP11"
"LTVNVEKCPOXJ","M2",-1.09430425075986,-0.5,2,"XP11"
"LTVNVEKCPOXJ","M5",-1.09430425075986,-0.5,3,"XP11"
"LTVNVEKCPOXJ","M3",-1.09430425075986,-0.5,3,"XP11"
"LTVNVEKCPOXJ","B4",-1.09430425075986,0.5,5,"XP11"
"LTVNVEKCPOXJ","M1",-1.09430425075986,-0.5,3,"XP11"
"LTVNVEKCPOXJ","M6",-1.09430425075986,-0.5,2,"XP11"
"LTVNVEKCPOXJ","B3",-1.09430425075986,0.5,5,"XP11"
"LTVNVEKCPOXJ","M4",-1.09430425075986,-0.5,3,"XP11"
"LTVNVEKCPOXJ","B1",-1.09430425075986,0.5,4,"XP11"
"LTVNVEKCPOXJ","B2",-1.09430425075986,0.5,6,"XP11"
"LTVNVEKCPOXJ","M8",-1.09430425075986,-0.5,2,"XP11"
"MBAPVSHLXBUG","M4",-1.87955427508033,0.5,3,"XP11"
"MBAPVSHLXBUG","B3",-1.87955427508033,-0.5,5,"XP11"
"MBAPVSHLXBUG","B7",-1.87955427508033,-0.5,5,"XP11"
"MBAPVSHLXBUG","B2",-1.87955427508033,-0.5,5,"XP11"
"MBAPVSHLXBUG","B5",-1.87955427508033,-0.5,5,"XP11"
"MBAPVSHLXBUG","M8",-1.87955427508033,0.5,4,"XP11"
"MBAPVSHLXBUG","M3",-1.87955427508033,0.5,4,"XP11"
"MBAPVSHLXBUG","B1",-1.87955427508033,-0.5,5,"XP11"
"MBAPVSHLXBUG","M7",-1.87955427508033,0.5,4,"XP11"
"MBAPVSHLXBUG","M5",-1.87955427508033,0.5,4,"XP11"
"MBAPVSHLXBUG","M1",-1.87955427508033,0.5,4,"XP11"
"MBAPVSHLXBUG","M2",-1.87955427508033,0.5,4,"XP11"
"MBAPVSHLXBUG","B4",-1.87955427508033,-0.5,5,"XP11"
"MBAPVSHLXBUG","B8",-1.87955427508033,-0.5,5,"XP11"
"MBAPVSHLXBUG","B6",-1.87955427508033,-0.5,5,"XP11"
"MBAPVSHLXBUG","M6",-1.87955427508033,0.5,4,"XP11"
"MGPPWVQOBWHJ","M7",-0.884904244274396,-0.5,1,"XP11"
"MGPPWVQOBWHJ","B3",-0.884904244274396,0.5,9,"XP11"
"MGPPWVQOBWHJ","M8",-0.884904244274396,-0.5,1,"XP11"
"MGPPWVQOBWHJ","B4",-0.884904244274396,0.5,9,"XP11"
"MGPPWVQOBWHJ","B8",-0.884904244274396,0.5,9,"XP11"
"MGPPWVQOBWHJ","M2",-0.884904244274396,-0.5,1,"XP11"
"MGPPWVQOBWHJ","B1",-0.884904244274396,0.5,9,"XP11"
"MGPPWVQOBWHJ","M5",-0.884904244274396,-0.5,1,"XP11"
"MGPPWVQOBWHJ","M4",-0.884904244274396,-0.5,1,"XP11"
"MGPPWVQOBWHJ","B6",-0.884904244274396,0.5,9,"XP11"
"MGPPWVQOBWHJ","B7",-0.884904244274396,0.5,9,"XP11"
"MGPPWVQOBWHJ","B2",-0.884904244274396,0.5,1,"XP11"
"MGPPWVQOBWHJ","M6",-0.884904244274396,-0.5,1,"XP11"
"MGPPWVQOBWHJ","M1",-0.884904244274396,-0.5,1,"XP11"
"MGPPWVQOBWHJ","B5",-0.884904244274396,0.5,9,"XP11"
"MGPPWVQOBWHJ","M3",-0.884904244274396,-0.5,1,"XP11"
"MMBSCFYZMSIO","B6",0.162095788152901,0.5,8,"XP11"
"MMBSCFYZMSIO","M4",0.162095788152901,-0.5,6,"XP11"
"MMBSCFYZMSIO","B7",0.162095788152901,0.5,8,"XP11"
"MMBSCFYZMSIO","M1",0.162095788152901,-0.5,5,"XP11"
"MMBSCFYZMSIO","M2",0.162095788152901,-0.5,5,"XP11"
"MMBSCFYZMSIO","M6",0.162095788152901,-0.5,5,"XP11"
"MMBSCFYZMSIO","B4",0.162095788152901,0.5,8,"XP11"
"MMBSCFYZMSIO","B8",0.162095788152901,0.5,8,"XP11"
"MMBSCFYZMSIO","M7",0.162095788152901,-0.5,5,"XP11"
"MMBSCFYZMSIO","B3",0.162095788152901,0.5,7,"XP11"
"MMBSCFYZMSIO","M3",0.162095788152901,-0.5,5,"XP11"
"MMBSCFYZMSIO","B1",0.162095788152901,0.5,8,"XP11"
"MMBSCFYZMSIO","M8",0.162095788152901,-0.5,4,"XP11"
"MMBSCFYZMSIO","M5",0.162095788152901,-0.5,4,"XP11"
"MMBSCFYZMSIO","B5",0.162095788152901,0.5,9,"XP11"
"MMBSCFYZMSIO","B2",0.162095788152901,0.5,9,"XP11"
"MNRBYXPHKMNY","M6",0.47619579788109,-0.5,9,"XP11"
"MNRBYXPHKMNY","M4",0.47619579788109,-0.5,1,"XP11"
"MNRBYXPHKMNY","B5",0.47619579788109,0.5,8,"XP11"
"MNRBYXPHKMNY","B3",0.47619579788109,0.5,8,"XP11"
"MNRBYXPHKMNY","B7",0.47619579788109,0.5,8,"XP11"
"MNRBYXPHKMNY","M7",0.47619579788109,-0.5,3,"XP11"
"MNRBYXPHKMNY","B8",0.47619579788109,0.5,9,"XP11"
"MNRBYXPHKMNY","B4",0.47619579788109,0.5,8,"XP11"
"MNRBYXPHKMNY","M3",0.47619579788109,-0.5,4,"XP11"
"MNRBYXPHKMNY","B1",0.47619579788109,0.5,9,"XP11"
"MNRBYXPHKMNY","M8",0.47619579788109,-0.5,2,"XP11"
"MNRBYXPHKMNY","M1",0.47619579788109,-0.5,8,"XP11"
"MNRBYXPHKMNY","M5",0.47619579788109,-0.5,2,"XP11"
"MNRBYXPHKMNY","B6",0.47619579788109,0.5,9,"XP11"
"MNRBYXPHKMNY","M2",0.47619579788109,-0.5,1,"XP11"
"MNRBYXPHKMNY","B2",0.47619579788109,0.5,9,"XP11"
"MPXGWQCUGCTR","B2",0.47619579788109,0.5,9,"XP11"
"MPXGWQCUGCTR","M2",0.47619579788109,-0.5,5,"XP11"
"MPXGWQCUGCTR","M4",0.47619579788109,-0.5,6,"XP11"
"MPXGWQCUGCTR","B4",0.47619579788109,0.5,9,"XP11"
"MPXGWQCUGCTR","B3",0.47619579788109,0.5,9,"XP11"
"MPXGWQCUGCTR","M6",0.47619579788109,-0.5,4,"XP11"
"MPXGWQCUGCTR","B1",0.47619579788109,0.5,8,"XP11"
"MPXGWQCUGCTR","B7",0.47619579788109,0.5,7,"XP11"
"MPXGWQCUGCTR","B6",0.47619579788109,0.5,8,"XP11"
"MPXGWQCUGCTR","M3",0.47619579788109,-0.5,4,"XP11"
"MPXGWQCUGCTR","B5",0.47619579788109,0.5,9,"XP11"
"MPXGWQCUGCTR","M7",0.47619579788109,-0.5,5,"XP11"
"MPXGWQCUGCTR","M8",0.47619579788109,-0.5,6,"XP11"
"MPXGWQCUGCTR","M5",0.47619579788109,-0.5,4,"XP11"
"MPXGWQCUGCTR","B8",0.47619579788109,0.5,9,"XP11"
"MPXGWQCUGCTR","M1",0.47619579788109,-0.5,5,"XP11"
"NRDKAQCNZUMG","M3",1.99434584490067,0.5,8,"XP11"
"NRDKAQCNZUMG","M1",1.99434584490067,0.5,8,"XP11"
"NRDKAQCNZUMG","M5",1.99434584490067,0.5,7,"XP11"
"NRDKAQCNZUMG","B6",1.99434584490067,-0.5,2,"XP11"
"NRDKAQCNZUMG","M6",1.99434584490067,0.5,8,"XP11"
"NRDKAQCNZUMG","B2",1.99434584490067,-0.5,3,"XP11"
"NRDKAQCNZUMG","M7",1.99434584490067,0.5,8,"XP11"
"NRDKAQCNZUMG","B8",1.99434584490067,-0.5,1,"XP11"
"NRDKAQCNZUMG","B7",1.99434584490067,-0.5,2,"XP11"
"NRDKAQCNZUMG","B3",1.99434584490067,-0.5,2,"XP11"
"NRDKAQCNZUMG","M2",1.99434584490067,0.5,8,"XP11"
"NRDKAQCNZUMG","B4",1.99434584490067,-0.5,2,"XP11"
"NRDKAQCNZUMG","B5",1.99434584490067,-0.5,2,"XP11"
"NRDKAQCNZUMG","M4",1.99434584490067,0.5,8,"XP11"
"NRDKAQCNZUMG","B1",1.99434584490067,-0.5,1,"XP11"
"NRDKAQCNZUMG","M8",1.99434584490067,0.5,8,"XP11"
"NUCNURAJDZYW","B1",0.423845796259725,0.5,8,"XP11"
"NUCNURAJDZYW","M2",0.423845796259725,-0.5,2,"XP11"
"NUCNURAJDZYW","B5",0.423845796259725,0.5,7,"XP11"
"NUCNURAJDZYW","M6",0.423845796259725,-0.5,2,"XP11"
"NUCNURAJDZYW","M8",0.423845796259725,-0.5,3,"XP11"
"NUCNURAJDZYW","M4",0.423845796259725,-0.5,3,"XP11"
"NUCNURAJDZYW","M5",0.423845796259725,-0.5,2,"XP11"
"NUCNURAJDZYW","M7",0.423845796259725,-0.5,1,"XP11"
"NUCNURAJDZYW","B8",0.423845796259725,0.5,6,"XP11"
"NUCNURAJDZYW","B3",0.423845796259725,0.5,9,"XP11"
"NUCNURAJDZYW","B2",0.423845796259725,0.5,9,"XP11"
"NUCNURAJDZYW","B4",0.423845796259725,0.5,9,"XP11"
"NUCNURAJDZYW","M3",0.423845796259725,-0.5,3,"XP11"
"NUCNURAJDZYW","B6",0.423845796259725,0.5,1,"XP11"
"NUCNURAJDZYW","B7",0.423845796259725,0.5,7,"XP11"
"NUCNURAJDZYW","M1",0.423845796259725,-0.5,2,"XP11"
"NZZBJHZROBFG","M7",-0.623154236167572,-0.5,2,"XP11"
"NZZBJHZROBFG","B8",-0.623154236167572,0.5,7,"XP11"
"NZZBJHZROBFG","B6",-0.623154236167572,0.5,7,"XP11"
"NZZBJHZROBFG","M2",-0.623154236167572,-0.5,2,"XP11"
"NZZBJHZROBFG","M8",-0.623154236167572,-0.5,6,"XP11"
"NZZBJHZROBFG","B2",-0.623154236167572,0.5,6,"XP11"
"NZZBJHZROBFG","M6",-0.623154236167572,-0.5,4,"XP11"
"NZZBJHZROBFG","B1",-0.623154236167572,0.5,7,"XP11"
"NZZBJHZROBFG","M3",-0.623154236167572,-0.5,5,"XP11"
"NZZBJHZROBFG","M5",-0.623154236167572,-0.5,7,"XP11"
"NZZBJHZROBFG","B7",-0.623154236167572,0.5,8,"XP11"
"NZZBJHZROBFG","M1",-0.623154236167572,-0.5,5,"XP11"
"NZZBJHZROBFG","B3",-0.623154236167572,0.5,8,"XP11"
"NZZBJHZROBFG","B4",-0.623154236167572,0.5,8,"XP11"
"NZZBJHZROBFG","M4",-0.623154236167572,-0.5,4,"XP11"
"NZZBJHZROBFG","B5",-0.623154236167572,0.5,8,"XP11"
"OOUYCNWCUXBN","B1",0.790295807609279,0.5,8,"XP11"
"OOUYCNWCUXBN","M4",0.790295807609279,-0.5,8,"XP11"
"OOUYCNWCUXBN","B4",0.790295807609279,0.5,2,"XP11"
"OOUYCNWCUXBN","B8",0.790295807609279,0.5,3,"XP11"
"OOUYCNWCUXBN","B7",0.790295807609279,0.5,8,"XP11"
"OOUYCNWCUXBN","M3",0.790295807609279,-0.5,6,"XP11"
"OOUYCNWCUXBN","M6",0.790295807609279,-0.5,7,"XP11"
"OOUYCNWCUXBN","M7",0.790295807609279,-0.5,5,"XP11"
"OOUYCNWCUXBN","B6",0.790295807609279,0.5,6,"XP11"
"OOUYCNWCUXBN","M2",0.790295807609279,-0.5,8,"XP11"
"OOUYCNWCUXBN","B2",0.790295807609279,0.5,4,"XP11"
"OOUYCNWCUXBN","M5",0.790295807609279,-0.5,2,"XP11"
"OOUYCNWCUXBN","M1",0.790295807609279,-0.5,8,"XP11"
"OOUYCNWCUXBN","B5",0.790295807609279,0.5,8,"XP11"
"OOUYCNWCUXBN","M8",0.790295807609279,-0.5,8,"XP11"
"OOUYCNWCUXBN","B3",0.790295807609279,0.5,8,"XP11"
"OQPPAECVYRDR","M8",0.580895801123819,0.5,1,"XP11"
"OQPPAECVYRDR","B1",0.580895801123819,-0.5,2,"XP11"
"OQPPAECVYRDR","M6",0.580895801123819,0.5,4,"XP11"
"OQPPAECVYRDR","B5",0.580895801123819,-0.5,4,"XP11"
"OQPPAECVYRDR","B8",0.580895801123819,-0.5,5,"XP11"
"OQPPAECVYRDR","M1",0.580895801123819,0.5,3,"XP11"
"OQPPAECVYRDR","M5",0.580895801123819,0.5,5,"XP11"
"OQPPAECVYRDR","M7",0.580895801123819,0.5,5,"XP11"
"OQPPAECVYRDR","M3",0.580895801123819,0.5,5,"XP11"
"OQPPAECVYRDR","B3",0.580895801123819,-0.5,7,"XP11"
"OQPPAECVYRDR","B2",0.580895801123819,-0.5,4,"XP11"
"OQPPAECVYRDR","B7",0.580895801123819,-0.5,5,"XP11"
"OQPPAECVYRDR","B6",0.580895801123819,-0.5,7,"XP11"
"OQPPAECVYRDR","M2",0.580895801123819,0.5,6,"XP11"
"OQPPAECVYRDR","M4",0.580895801123819,0.5,8,"XP11"
"OQPPAECVYRDR","B4",0.580895801123819,-0.5,7,"XP11"
"OVLOJEIEXJUF","B7",-0.152004221575288,0.5,6,"XP11"
"OVLOJEIEXJUF","B8",-0.152004221575288,0.5,2,"XP11"
"OVLOJEIEXJUF","M7",-0.152004221575288,-0.5,1,"XP11"
"OVLOJEIEXJUF","M1",-0.152004221575288,-0.5,1,"XP11"
"OVLOJEIEXJUF","M3",-0.152004221575288,-0.5,1,"XP11"
"OVLOJEIEXJUF","B4",-0.152004221575288,0.5,5,"XP11"
"OVLOJEIEXJUF","M5",-0.152004221575288,-0.5,3,"XP11"
"OVLOJEIEXJUF","B1",-0.152004221575288,0.5,8,"XP11"
"OVLOJEIEXJUF","M6",-0.152004221575288,-0.5,4,"XP11"
"OVLOJEIEXJUF","M2",-0.152004221575288,-0.5,2,"XP11"
"OVLOJEIEXJUF","B2",-0.152004221575288,0.5,7,"XP11"
"OVLOJEIEXJUF","M4",-0.152004221575288,-0.5,3,"XP11"
"OVLOJEIEXJUF","B5",-0.152004221575288,0.5,8,"XP11"
"OVLOJEIEXJUF","B6",-0.152004221575288,0.5,2,"XP11"
"OVLOJEIEXJUF","M8",-0.152004221575288,-0.5,2,"XP11"
"OVLOJEIEXJUF","B3",-0.152004221575288,0.5,7,"XP11"
"OYSWSNFRHZGP","M6",0.0573957849101711,0.5,6,"XP11"
"OYSWSNFRHZGP","M7",0.0573957849101711,0.5,6,"XP11"
"OYSWSNFRHZGP","B3",0.0573957849101711,-0.5,4,"XP11"
"OYSWSNFRHZGP","M1",0.0573957849101711,0.5,6,"XP11"
"OYSWSNFRHZGP","M5",0.0573957849101711,0.5,5,"XP11"
"OYSWSNFRHZGP","B6",0.0573957849101711,-0.5,4,"XP11"
"OYSWSNFRHZGP","M8",0.0573957849101711,0.5,5,"XP11"
"OYSWSNFRHZGP","M3",0.0573957849101711,0.5,6,"XP11"
"OYSWSNFRHZGP","B2",0.0573957849101711,-0.5,4,"XP11"
"OYSWSNFRHZGP","B7",0.0573957849101711,-0.5,5,"XP11"
"OYSWSNFRHZGP","B5",0.0573957849101711,-0.5,4,"XP11"
"OYSWSNFRHZGP","M4",0.0573957849101711,0.5,6,"XP11"
"OYSWSNFRHZGP","B4",0.0573957849101711,-0.5,4,"XP11"
"OYSWSNFRHZGP","B1",0.0573957849101711,-0.5,5,"XP11"
"OYSWSNFRHZGP","M2",0.0573957849101711,0.5,5,"XP11"
"OYSWSNFRHZGP","B8",0.0573957849101711,-0.5,5,"XP11"
"PAVASEXFYWMC","B1",0.633245802745184,-0.5,3,"XP11"
"PAVASEXFYWMC","M4",0.633245802745184,0.5,3,"XP11"
"PAVASEXFYWMC","B6",0.633245802745184,-0.5,5,"XP11"
"PAVASEXFYWMC","M5",0.633245802745184,0.5,3,"XP11"
"PAVASEXFYWMC","B5",0.633245802745184,-0.5,5,"XP11"
"PAVASEXFYWMC","B4",0.633245802745184,-0.5,3,"XP11"
"PAVASEXFYWMC","M2",0.633245802745184,0.5,4,"XP11"
"PAVASEXFYWMC","B8",0.633245802745184,-0.5,5,"XP11"
"PAVASEXFYWMC","B7",0.633245802745184,-0.5,3,"XP11"
"PAVASEXFYWMC","M3",0.633245802745184,0.5,3,"XP11"
"PAVASEXFYWMC","B2",0.633245802745184,-0.5,3,"XP11"
"PAVASEXFYWMC","M1",0.633245802745184,0.5,5,"XP11"
"PAVASEXFYWMC","B3",0.633245802745184,-0.5,3,"XP11"
"PAVASEXFYWMC","M6",0.633245802745184,0.5,5,"XP11"
"PAVASEXFYWMC","M7",0.633245802745184,0.5,5,"XP11"
"PAVASEXFYWMC","M8",0.633245802745184,0.5,3,"XP11"
"PRAMANIHAKAK","B8",0.26679579139563,0.5,9,"XP11"
"PRAMANIHAKAK","B1",0.26679579139563,0.5,8,"XP11"
"PRAMANIHAKAK","M4",0.26679579139563,-0.5,6,"XP11"
"PRAMANIHAKAK","B6",0.26679579139563,0.5,8,"XP11"
"PRAMANIHAKAK","B4",0.26679579139563,0.5,6,"XP11"
"PRAMANIHAKAK","M1",0.26679579139563,-0.5,9,"XP11"
"PRAMANIHAKAK","M6",0.26679579139563,-0.5,6,"XP11"
"PRAMANIHAKAK","B3",0.26679579139563,0.5,8,"XP11"
"PRAMANIHAKAK","M8",0.26679579139563,-0.5,6,"XP11"
"PRAMANIHAKAK","B2",0.26679579139563,0.5,8,"XP11"
"PRAMANIHAKAK","M2",0.26679579139563,-0.5,8,"XP11"
"PRAMANIHAKAK","M7",0.26679579139563,-0.5,6,"XP11"
"PRAMANIHAKAK","B7",0.26679579139563,0.5,9,"XP11"
"PRAMANIHAKAK","M3",0.26679579139563,-0.5,6,"XP11"
"PRAMANIHAKAK","M5",0.26679579139563,-0.5,6,"XP11"
"PRAMANIHAKAK","B5",0.26679579139563,0.5,8,"XP11"
"QAPIMPMDQLDQ","M5",-1.46075426210941,-0.5,5,"XP11"
"QAPIMPMDQLDQ","B5",-1.46075426210941,0.5,5,"XP11"
"QAPIMPMDQLDQ","B8",-1.46075426210941,0.5,5,"XP11"
"QAPIMPMDQLDQ","M7",-1.46075426210941,-0.5,5,"XP11"
"QAPIMPMDQLDQ","B6",-1.46075426210941,0.5,5,"XP11"
"QAPIMPMDQLDQ","M3",-1.46075426210941,-0.5,5,"XP11"
"QAPIMPMDQLDQ","M4",-1.46075426210941,-0.5,5,"XP11"
"QAPIMPMDQLDQ","M8",-1.46075426210941,-0.5,5,"XP11"
"QAPIMPMDQLDQ","B7",-1.46075426210941,0.5,5,"XP11"
"QAPIMPMDQLDQ","M2",-1.46075426210941,-0.5,5,"XP11"
"QAPIMPMDQLDQ","B2",-1.46075426210941,0.5,5,"XP11"
"QAPIMPMDQLDQ","B4",-1.46075426210941,0.5,5,"XP11"
"QAPIMPMDQLDQ","M1",-1.46075426210941,-0.5,5,"XP11"
"QAPIMPMDQLDQ","M6",-1.46075426210941,-0.5,5,"XP11"
"QAPIMPMDQLDQ","B1",-1.46075426210941,0.5,5,"XP11"
"QAPIMPMDQLDQ","B3",-1.46075426210941,0.5,5,"XP11"
"QDMUZSNCKMQV","B2",1.88964584165794,0.5,8,"XP11"
"QDMUZSNCKMQV","B6",1.88964584165794,0.5,8,"XP11"
"QDMUZSNCKMQV","M4",1.88964584165794,-0.5,3,"XP11"
"QDMUZSNCKMQV","M1",1.88964584165794,-0.5,3,"XP11"
"QDMUZSNCKMQV","M8",1.88964584165794,-0.5,3,"XP11"
"QDMUZSNCKMQV","M2",1.88964584165794,-0.5,3,"XP11"
"QDMUZSNCKMQV","B1",1.88964584165794,0.5,8,"XP11"
"QDMUZSNCKMQV","B7",1.88964584165794,0.5,8,"XP11"
"QDMUZSNCKMQV","M5",1.88964584165794,-0.5,3,"XP11"
"QDMUZSNCKMQV","M6",1.88964584165794,-0.5,3,"XP11"
"QDMUZSNCKMQV","B8",1.88964584165794,0.5,8,"XP11"
"QDMUZSNCKMQV","M3",1.88964584165794,-0.5,3,"XP11"
"QDMUZSNCKMQV","B3",1.88964584165794,0.5,8,"XP11"
"QDMUZSNCKMQV","B4",1.88964584165794,0.5,8,"XP11"
"QDMUZSNCKMQV","M7",1.88964584165794,-0.5,3,"XP11"
"QDMUZSNCKMQV","B5",1.88964584165794,0.5,8,"XP11"
"QFUSQVTDBIHB","M8",0.528545799502455,-0.5,5,"XP11"
"QFUSQVTDBIHB","B2",0.528545799502455,0.5,4,"XP11"
"QFUSQVTDBIHB","M7",0.528545799502455,-0.5,7,"XP11"
"QFUSQVTDBIHB","M4",0.528545799502455,-0.5,4,"XP11"
"QFUSQVTDBIHB","B4",0.528545799502455,0.5,5,"XP11"
"QFUSQVTDBIHB","M5",0.528545799502455,-0.5,4,"XP11"
"QFUSQVTDBIHB","M2",0.528545799502455,-0.5,5,"XP11"
"QFUSQVTDBIHB","M3",0.528545799502455,-0.5,4,"XP11"
"QFUSQVTDBIHB","B3",0.528545799502455,0.5,5,"XP11"
"QFUSQVTDBIHB","M6",0.528545799502455,-0.5,6,"XP11"
"QFUSQVTDBIHB","B6",0.528545799502455,0.5,5,"XP11"
"QFUSQVTDBIHB","B1",0.528545799502455,0.5,5,"XP11"
"QFUSQVTDBIHB","B5",0.528545799502455,0.5,4,"XP11"
"QFUSQVTDBIHB","B8",0.528545799502455,0.5,5,"XP11"
"QFUSQVTDBIHB","M1",0.528545799502455,-0.5,4,"XP11"
"QFUSQVTDBIHB","B7",0.528545799502455,0.5,5,"XP11"
"QIXRSLELQOCN","B7",-1.25135425562395,0.5,8,"XP11"
"QIXRSLELQOCN","B5",-1.25135425562395,0.5,7,"XP11"
"QIXRSLELQOCN","M7",-1.25135425562395,-0.5,1,"XP11"
"QIXRSLELQOCN","M1",-1.25135425562395,-0.5,2,"XP11"
"QIXRSLELQOCN","B4",-1.25135425562395,0.5,6,"XP11"
"QIXRSLELQOCN","M6",-1.25135425562395,-0.5,4,"XP11"
"QIXRSLELQOCN","B6",-1.25135425562395,0.5,8,"XP11"
"QIXRSLELQOCN","B3",-1.25135425562395,0.5,9,"XP11"
"QIXRSLELQOCN","B2",-1.25135425562395,0.5,5,"XP11"
"QIXRSLELQOCN","B1",-1.25135425562395,0.5,5,"XP11"
"QIXRSLELQOCN","M5",-1.25135425562395,-0.5,1,"XP11"
"QIXRSLELQOCN","M4",-1.25135425562395,-0.5,3,"XP11"
"QIXRSLELQOCN","M3",-1.25135425562395,-0.5,2,"XP11"
"QIXRSLELQOCN","M8",-1.25135425562395,-0.5,5,"XP11"
"QIXRSLELQOCN","M2",-1.25135425562395,-0.5,4,"XP11"
"QIXRSLELQOCN","B8",-1.25135425562395,0.5,7,"XP11"
"QVPOQYJVRJQV","M4",0.109745786531536,-0.5,7,"XP11"
"QVPOQYJVRJQV","M7",0.109745786531536,-0.5,7,"XP11"
"QVPOQYJVRJQV","B2",0.109745786531536,0.5,5,"XP11"
"QVPOQYJVRJQV","B6",0.109745786531536,0.5,5,"XP11"
"QVPOQYJVRJQV","M5",0.109745786531536,-0.5,8,"XP11"
"QVPOQYJVRJQV","M3",0.109745786531536,-0.5,8,"XP11"
"QVPOQYJVRJQV","B8",0.109745786531536,0.5,4,"XP11"
"QVPOQYJVRJQV","B4",0.109745786531536,0.5,6,"XP11"
"QVPOQYJVRJQV","B7",0.109745786531536,0.5,5,"XP11"
"QVPOQYJVRJQV","B5",0.109745786531536,0.5,5,"XP11"
"QVPOQYJVRJQV","M8",0.109745786531536,-0.5,7,"XP11"
"QVPOQYJVRJQV","M1",0.109745786531536,-0.5,8,"XP11"
"QVPOQYJVRJQV","B3",0.109745786531536,0.5,7,"XP11"
"QVPOQYJVRJQV","M6",0.109745786531536,-0.5,7,"XP11"
"QVPOQYJVRJQV","B1",0.109745786531536,0.5,6,"XP11"
"QVPOQYJVRJQV","M2",0.109745786531536,-0.5,7,"XP11"
"RDZRVJTGABYX","M5",-1.09430425075986,-0.5,4,"XP11"
"RDZRVJTGABYX","B7",-1.09430425075986,0.5,6,"XP11"
"RDZRVJTGABYX","M1",-1.09430425075986,-0.5,3,"XP11"
"RDZRVJTGABYX","B6",-1.09430425075986,0.5,7,"XP11"
"RDZRVJTGABYX","B5",-1.09430425075986,0.5,5,"XP11"
"RDZRVJTGABYX","B2",-1.09430425075986,0.5,6,"XP11"
"RDZRVJTGABYX","M4",-1.09430425075986,-0.5,2,"XP11"
"RDZRVJTGABYX","M6",-1.09430425075986,-0.5,3,"XP11"
"RDZRVJTGABYX","B1",-1.09430425075986,0.5,8,"XP11"
"RDZRVJTGABYX","B3",-1.09430425075986,0.5,7,"XP11"
"RDZRVJTGABYX","B4",-1.09430425075986,0.5,8,"XP11"
"RDZRVJTGABYX","M3",-1.09430425075986,-0.5,4,"XP11"
"RDZRVJTGABYX","B8",-1.09430425075986,0.5,5,"XP11"
"RDZRVJTGABYX","M8",-1.09430425075986,-0.5,3,"XP11"
"RDZRVJTGABYX","M7",-1.09430425075986,-0.5,3,"XP11"
"RDZRVJTGABYX","M2",-1.09430425075986,-0.5,2,"XP11"
"RGVKNNRCATJB","M1",0.633245802745184,-0.5,7,"XP11"
"RGVKNNRCATJB","B1",0.633245802745184,0.5,9,"XP11"
"RGVKNNRCATJB","B5",0.633245802745184,0.5,8,"XP11"
"RGVKNNRCATJB","B3",0.633245802745184,0.5,7,"XP11"
"RGVKNNRCATJB","M5",0.633245802745184,-0.5,6,"XP11"
"RGVKNNRCATJB","B4",0.633245802745184,0.5,7,"XP11"
"RGVKNNRCATJB","M4",0.633245802745184,-0.5,5,"XP11"
"RGVKNNRCATJB","M3",0.633245802745184,-0.5,4,"XP11"
"RGVKNNRCATJB","B6",0.633245802745184,0.5,7,"XP11"
"RGVKNNRCATJB","M6",0.633245802745184,-0.5,6,"XP11"
"RGVKNNRCATJB","M2",0.633245802745184,-0.5,7,"XP11"
"RGVKNNRCATJB","B2",0.633245802745184,0.5,8,"XP11"
"RGVKNNRCATJB","B8",0.633245802745184,0.5,8,"XP11"
"RGVKNNRCATJB","B7",0.633245802745184,0.5,8,"XP11"
"RGVKNNRCATJB","M7",0.633245802745184,-0.5,7,"XP11"
"RGVKNNRCATJB","M8",0.633245802745184,-0.5,5,"XP11"
"ROYCFIUBTAJH","B2",0.00504578328880631,-0.5,6,"XP11"
"ROYCFIUBTAJH","M7",0.00504578328880631,0.5,7,"XP11"
"ROYCFIUBTAJH","M5",0.00504578328880631,0.5,7,"XP11"
"ROYCFIUBTAJH","B7",0.00504578328880631,-0.5,5,"XP11"
"ROYCFIUBTAJH","B8",0.00504578328880631,-0.5,5,"XP11"
"ROYCFIUBTAJH","M6",0.00504578328880631,0.5,6,"XP11"
"ROYCFIUBTAJH","M1",0.00504578328880631,0.5,6,"XP11"
"ROYCFIUBTAJH","M4",0.00504578328880631,0.5,7,"XP11"
"ROYCFIUBTAJH","B3",0.00504578328880631,-0.5,5,"XP11"
"ROYCFIUBTAJH","B6",0.00504578328880631,-0.5,5,"XP11"
"ROYCFIUBTAJH","M8",0.00504578328880631,0.5,6,"XP11"
"ROYCFIUBTAJH","B4",0.00504578328880631,-0.5,5,"XP11"
"ROYCFIUBTAJH","B5",0.00504578328880631,-0.5,4,"XP11"
"ROYCFIUBTAJH","B1",0.00504578328880631,-0.5,5,"XP11"
"ROYCFIUBTAJH","M2",0.00504578328880631,0.5,6,"XP11"
"ROYCFIUBTAJH","M3",0.00504578328880631,0.5,7,"XP11"
"RVBXIXQYQGIL","M3",2.46549585949295,0.5,6,"XP11"
"RVBXIXQYQGIL","B8",2.46549585949295,-0.5,5,"XP11"
"RVBXIXQYQGIL","M7",2.46549585949295,0.5,7,"XP11"
"RVBXIXQYQGIL","B2",2.46549585949295,-0.5,4,"XP11"
"RVBXIXQYQGIL","B4",2.46549585949295,-0.5,4,"XP11"
"RVBXIXQYQGIL","M5",2.46549585949295,0.5,6,"XP11"
"RVBXIXQYQGIL","B7",2.46549585949295,-0.5,4,"XP11"
"RVBXIXQYQGIL","M2",2.46549585949295,0.5,6,"XP11"
"RVBXIXQYQGIL","M1",2.46549585949295,0.5,6,"XP11"
"RVBXIXQYQGIL","B1",2.46549585949295,-0.5,1,"XP11"
"RVBXIXQYQGIL","M4",2.46549585949295,0.5,6,"XP11"
"RVBXIXQYQGIL","B5",2.46549585949295,-0.5,2,"XP11"
"RVBXIXQYQGIL","B3",2.46549585949295,-0.5,1,"XP11"
"RVBXIXQYQGIL","B6",2.46549585949295,-0.5,1,"XP11"
"RVBXIXQYQGIL","M6",2.46549585949295,0.5,6,"XP11"
"RVBXIXQYQGIL","M8",2.46549585949295,0.5,6,"XP11"
"SBDBWCFGSNSH","M7",-1.25135425562395,-0.5,2,"XP11"
"SBDBWCFGSNSH","B1",-1.25135425562395,0.5,7,"XP11"
"SBDBWCFGSNSH","M4",-1.25135425562395,-0.5,3,"XP11"
"SBDBWCFGSNSH","B5",-1.25135425562395,0.5,7,"XP11"
"SBDBWCFGSNSH","B8",-1.25135425562395,0.5,7,"XP11"
"SBDBWCFGSNSH","M2",-1.25135425562395,-0.5,3,"XP11"
"SBDBWCFGSNSH","B4",-1.25135425562395,0.5,7,"XP11"
"SBDBWCFGSNSH","M6",-1.25135425562395,-0.5,3,"XP11"
"SBDBWCFGSNSH","B7",-1.25135425562395,0.5,7,"XP11"
"SBDBWCFGSNSH","M5",-1.25135425562395,-0.5,4,"XP11"
"SBDBWCFGSNSH","B3",-1.25135425562395,0.5,7,"XP11"
"SBDBWCFGSNSH","B6",-1.25135425562395,0.5,7,"XP11"
"SBDBWCFGSNSH","B2",-1.25135425562395,0.5,7,"XP11"
"SBDBWCFGSNSH","M1",-1.25135425562395,-0.5,3,"XP11"
"SBDBWCFGSNSH","M8",-1.25135425562395,-0.5,3,"XP11"
"SBDBWCFGSNSH","M3",-1.25135425562395,-0.5,3,"XP11"
"SETENLRJRNJD","M1",-0.309054226439383,0.5,8,"XP11"
"SETENLRJRNJD","B4",-0.309054226439383,-0.5,2,"XP11"
"SETENLRJRNJD","M5",-0.309054226439383,0.5,8,"XP11"
"SETENLRJRNJD","B8",-0.309054226439383,-0.5,2,"XP11"
"SETENLRJRNJD","M2",-0.309054226439383,0.5,7,"XP11"
"SETENLRJRNJD","M4",-0.309054226439383,0.5,8,"XP11"
"SETENLRJRNJD","M6",-0.309054226439383,0.5,8,"XP11"
"SETENLRJRNJD","B6",-0.309054226439383,-0.5,3,"XP11"
"SETENLRJRNJD","M3",-0.309054226439383,0.5,8,"XP11"
"SETENLRJRNJD","B5",-0.309054226439383,-0.5,2,"XP11"
"SETENLRJRNJD","M7",-0.309054226439383,0.5,8,"XP11"
"SETENLRJRNJD","B2",-0.309054226439383,-0.5,2,"XP11"
"SETENLRJRNJD","B1",-0.309054226439383,-0.5,3,"XP11"
"SETENLRJRNJD","M8",-0.309054226439383,0.5,8,"XP11"
"SETENLRJRNJD","B3",-0.309054226439383,-0.5,2,"XP11"
"SETENLRJRNJD","B7",-0.309054226439383,-0.5,2,"XP11"
"STOGYIFYNHDZ","B8",0.842645809230643,-0.5,2,"XP11"
"STOGYIFYNHDZ","B7",0.842645809230643,-0.5,6,"XP11"
"STOGYIFYNHDZ","M1",0.842645809230643,0.5,8,"XP11"
"STOGYIFYNHDZ","B6",0.842645809230643,-0.5,6,"XP11"
"STOGYIFYNHDZ","M5",0.842645809230643,0.5,5,"XP11"
"STOGYIFYNHDZ","M6",0.842645809230643,0.5,5,"XP11"
"STOGYIFYNHDZ","M7",0.842645809230643,0.5,7,"XP11"
"STOGYIFYNHDZ","B4",0.842645809230643,-0.5,3,"XP11"
"STOGYIFYNHDZ","M2",0.842645809230643,0.5,2,"XP11"
"STOGYIFYNHDZ","B5",0.842645809230643,-0.5,3,"XP11"
"STOGYIFYNHDZ","B3",0.842645809230643,-0.5,4,"XP11"
"STOGYIFYNHDZ","M8",0.842645809230643,0.5,6,"XP11"
"STOGYIFYNHDZ","B1",0.842645809230643,-0.5,5,"XP11"
"STOGYIFYNHDZ","M3",0.842645809230643,0.5,7,"XP11"
"STOGYIFYNHDZ","B2",0.842645809230643,-0.5,2,"XP11"
"STOGYIFYNHDZ","M4",0.842645809230643,0.5,3,"XP11"
"SXSYZLWHTMTJ","M2",0.947345812473373,-0.5,6,"XP11"
"SXSYZLWHTMTJ","B2",0.947345812473373,0.5,5,"XP11"
"SXSYZLWHTMTJ","M5",0.947345812473373,-0.5,2,"XP11"
"SXSYZLWHTMTJ","B5",0.947345812473373,0.5,4,"XP11"
"SXSYZLWHTMTJ","B7",0.947345812473373,0.5,8,"XP11"
"SXSYZLWHTMTJ","B3",0.947345812473373,0.5,8,"XP11"
"SXSYZLWHTMTJ","M8",0.947345812473373,-0.5,2,"XP11"
"SXSYZLWHTMTJ","M4",0.947345812473373,-0.5,1,"XP11"
"SXSYZLWHTMTJ","M7",0.947345812473373,-0.5,6,"XP11"
"SXSYZLWHTMTJ","M3",0.947345812473373,-0.5,6,"XP11"
"SXSYZLWHTMTJ","M1",0.947345812473373,-0.5,6,"XP11"
"SXSYZLWHTMTJ","B8",0.947345812473373,0.5,7,"XP11"
"SXSYZLWHTMTJ","B6",0.947345812473373,0.5,4,"XP11"
"SXSYZLWHTMTJ","M6",0.947345812473373,-0.5,3,"XP11"
"SXSYZLWHTMTJ","B1",0.947345812473373,0.5,2,"XP11"
"SXSYZLWHTMTJ","B4",0.947345812473373,0.5,6,"XP11"
"TLYXWTVEAYXG","B3",-0.309054226439383,0.5,5,"XP11"
"TLYXWTVEAYXG","B2",-0.309054226439383,0.5,5,"XP11"
"TLYXWTVEAYXG","M4",-0.309054226439383,-0.5,5,"XP11"
"TLYXWTVEAYXG","B8",-0.309054226439383,0.5,5,"XP11"
"TLYXWTVEAYXG","M5",-0.309054226439383,-0.5,5,"XP11"
"TLYXWTVEAYXG","B6",-0.309054226439383,0.5,5,"XP11"
"TLYXWTVEAYXG","B4",-0.309054226439383,0.5,5,"XP11"
"TLYXWTVEAYXG","M3",-0.309054226439383,-0.5,5,"XP11"
"TLYXWTVEAYXG","B7",-0.309054226439383,0.5,5,"XP11"
"TLYXWTVEAYXG","B5",-0.309054226439383,0.5,5,"XP11"
"TLYXWTVEAYXG","M7",-0.309054226439383,-0.5,5,"XP11"
"TLYXWTVEAYXG","M1",-0.309054226439383,-0.5,5,"XP11"
"TLYXWTVEAYXG","M6",-0.309054226439383,-0.5,5,"XP11"
"TLYXWTVEAYXG","M8",-0.309054226439383,-0.5,5,"XP11"
"TLYXWTVEAYXG","M2",-0.309054226439383,-0.5,5,"XP11"
"TLYXWTVEAYXG","B1",-0.309054226439383,0.5,5,"XP11"
"TZMVHUJFZFYO","M4",-1.93190427670169,-0.5,5,"XP11"
"TZMVHUJFZFYO","B1",-1.93190427670169,0.5,5,"XP11"
"TZMVHUJFZFYO","M8",-1.93190427670169,-0.5,3,"XP11"
"TZMVHUJFZFYO","M1",-1.93190427670169,-0.5,3,"XP11"
"TZMVHUJFZFYO","M2",-1.93190427670169,-0.5,4,"XP11"
"TZMVHUJFZFYO","M7",-1.93190427670169,-0.5,5,"XP11"
"TZMVHUJFZFYO","B8",-1.93190427670169,0.5,6,"XP11"
"TZMVHUJFZFYO","B7",-1.93190427670169,0.5,6,"XP11"
"TZMVHUJFZFYO","B5",-1.93190427670169,0.5,6,"XP11"
"TZMVHUJFZFYO","B2",-1.93190427670169,0.5,6,"XP11"
"TZMVHUJFZFYO","M5",-1.93190427670169,-0.5,4,"XP11"
"TZMVHUJFZFYO","B6",-1.93190427670169,0.5,5,"XP11"
"TZMVHUJFZFYO","B3",-1.93190427670169,0.5,6,"XP11"
"TZMVHUJFZFYO","B4",-1.93190427670169,0.5,4,"XP11"
"TZMVHUJFZFYO","M6",-1.93190427670169,-0.5,6,"XP11"
"TZMVHUJFZFYO","M3",-1.93190427670169,-0.5,4,"XP11"
"UFFJEEPGJSZW","M3",1.57554583192975,-0.5,5,"XP11"
"UFFJEEPGJSZW","B1",1.57554583192975,0.5,5,"XP11"
"UFFJEEPGJSZW","M8",1.57554583192975,-0.5,5,"XP11"
"UFFJEEPGJSZW","B8",1.57554583192975,0.5,5,"XP11"
"UFFJEEPGJSZW","M1",1.57554583192975,-0.5,5,"XP11"
"UFFJEEPGJSZW","M2",1.57554583192975,-0.5,5,"XP11"
"UFFJEEPGJSZW","B6",1.57554583192975,0.5,5,"XP11"
"UFFJEEPGJSZW","B4",1.57554583192975,0.5,5,"XP11"
"UFFJEEPGJSZW","B3",1.57554583192975,0.5,5,"XP11"
"UFFJEEPGJSZW","M5",1.57554583192975,-0.5,5,"XP11"
"UFFJEEPGJSZW","M6",1.57554583192975,-0.5,5,"XP11"
"UFFJEEPGJSZW","M7",1.57554583192975,-0.5,5,"XP11"
"UFFJEEPGJSZW","B7",1.57554583192975,0.5,5,"XP11"
"UFFJEEPGJSZW","B2",1.57554583192975,0.5,5,"XP11"
"UFFJEEPGJSZW","B5",1.57554583192975,0.5,5,"XP11"
"UFFJEEPGJSZW","M4",1.57554583192975,-0.5,5,"XP11"
"UIMMOLQGEKEY","B3",1.31379582382293,0.5,7,"XP11"
"UIMMOLQGEKEY","M1",1.31379582382293,-0.5,3,"XP11"
"UIMMOLQGEKEY","B4",1.31379582382293,0.5,8,"XP11"
"UIMMOLQGEKEY","M2",1.31379582382293,-0.5,2,"XP11"
"UIMMOLQGEKEY","B2",1.31379582382293,0.5,8,"XP11"
"UIMMOLQGEKEY","B5",1.31379582382293,0.5,9,"XP11"
"UIMMOLQGEKEY","B7",1.31379582382293,0.5,8,"XP11"
"UIMMOLQGEKEY","M4",1.31379582382293,-0.5,2,"XP11"
"UIMMOLQGEKEY","M8",1.31379582382293,-0.5,1,"XP11"
"UIMMOLQGEKEY","M6",1.31379582382293,-0.5,3,"XP11"
"UIMMOLQGEKEY","M7",1.31379582382293,-0.5,4,"XP11"
"UIMMOLQGEKEY","M3",1.31379582382293,-0.5,2,"XP11"
"UIMMOLQGEKEY","M5",1.31379582382293,-0.5,1,"XP11"
"UIMMOLQGEKEY","B1",1.31379582382293,0.5,8,"XP11"
"UIMMOLQGEKEY","B6",1.31379582382293,0.5,9,"XP11"
"UIMMOLQGEKEY","B8",1.31379582382293,0.5,7,"XP11"
"UMCHYNAASGSP","M5",2.46549585949295,0.5,5,"XP11"
"UMCHYNAASGSP","B2",2.46549585949295,-0.5,5,"XP11"
"UMCHYNAASGSP","B5",2.46549585949295,-0.5,5,"XP11"
"UMCHYNAASGSP","B4",2.46549585949295,-0.5,5,"XP11"
"UMCHYNAASGSP","B7",2.46549585949295,-0.5,5,"XP11"
"UMCHYNAASGSP","M3",2.46549585949295,0.5,5,"XP11"
"UMCHYNAASGSP","B8",2.46549585949295,-0.5,5,"XP11"
"UMCHYNAASGSP","M1",2.46549585949295,0.5,5,"XP11"
"UMCHYNAASGSP","M7",2.46549585949295,0.5,5,"XP11"
"UMCHYNAASGSP","M4",2.46549585949295,0.5,5,"XP11"
"UMCHYNAASGSP","B1",2.46549585949295,-0.5,5,"XP11"
"UMCHYNAASGSP","B3",2.46549585949295,-0.5,5,"XP11"
"UMCHYNAASGSP","B6",2.46549585949295,-0.5,5,"XP11"
"UMCHYNAASGSP","M8",2.46549585949295,0.5,5,"XP11"
"UMCHYNAASGSP","M6",2.46549585949295,0.5,5,"XP11"
"UMCHYNAASGSP","M2",2.46549585949295,0.5,5,"XP11"
"UUUQCRLJVGZQ","M1",-1.93190427670169,0.5,4,"XP11"
"UUUQCRLJVGZQ","M5",-1.93190427670169,0.5,3,"XP11"
"UUUQCRLJVGZQ","B4",-1.93190427670169,-0.5,6,"XP11"
"UUUQCRLJVGZQ","M4",-1.93190427670169,0.5,6,"XP11"
"UUUQCRLJVGZQ","M2",-1.93190427670169,0.5,5,"XP11"
"UUUQCRLJVGZQ","B3",-1.93190427670169,-0.5,3,"XP11"
"UUUQCRLJVGZQ","B6",-1.93190427670169,-0.5,4,"XP11"
"UUUQCRLJVGZQ","B8",-1.93190427670169,-0.5,6,"XP11"
"UUUQCRLJVGZQ","B2",-1.93190427670169,-0.5,3,"XP11"
"UUUQCRLJVGZQ","M3",-1.93190427670169,0.5,6,"XP11"
"UUUQCRLJVGZQ","B7",-1.93190427670169,-0.5,5,"XP11"
"UUUQCRLJVGZQ","M7",-1.93190427670169,0.5,3,"XP11"
"UUUQCRLJVGZQ","M6",-1.93190427670169,0.5,3,"XP11"
"UUUQCRLJVGZQ","B1",-1.93190427670169,-0.5,6,"XP11"
"UUUQCRLJVGZQ","M8",-1.93190427670169,0.5,4,"XP11"
"UUUQCRLJVGZQ","B5",-1.93190427670169,-0.5,6,"XP11"
"VASALQMOEASU","M6",0.319145793016995,-0.5,9,"XP11"
"VASALQMOEASU","M5",0.319145793016995,-0.5,9,"XP11"
"VASALQMOEASU","B1",0.319145793016995,0.5,8,"XP11"
"VASALQMOEASU","M1",0.319145793016995,-0.5,9,"XP11"
"VASALQMOEASU","B8",0.319145793016995,0.5,8,"XP11"
"VASALQMOEASU","B4",0.319145793016995,0.5,8,"XP11"
"VASALQMOEASU","M3",0.319145793016995,-0.5,9,"XP11"
"VASALQMOEASU","B3",0.319145793016995,0.5,8,"XP11"
"VASALQMOEASU","B6",0.319145793016995,0.5,8,"XP11"
"VASALQMOEASU","M8",0.319145793016995,-0.5,9,"XP11"
"VASALQMOEASU","M7",0.319145793016995,-0.5,9,"XP11"
"VASALQMOEASU","B5",0.319145793016995,0.5,8,"XP11"
"VASALQMOEASU","M4",0.319145793016995,-0.5,9,"XP11"
"VASALQMOEASU","B7",0.319145793016995,0.5,8,"XP11"
"VASALQMOEASU","B2",0.319145793016995,0.5,8,"XP11"
"VASALQMOEASU","M2",0.319145793016995,-0.5,9,"XP11"
"VNNQRHIVKNSZ","M3",0.47619579788109,-0.5,1,"XP11"
"VNNQRHIVKNSZ","M1",0.47619579788109,-0.5,1,"XP11"
"VNNQRHIVKNSZ","B3",0.47619579788109,0.5,9,"XP11"
"VNNQRHIVKNSZ","B1",0.47619579788109,0.5,9,"XP11"
"VNNQRHIVKNSZ","B4",0.47619579788109,0.5,9,"XP11"
"VNNQRHIVKNSZ","M8",0.47619579788109,-0.5,1,"XP11"
"VNNQRHIVKNSZ","B5",0.47619579788109,0.5,9,"XP11"
"VNNQRHIVKNSZ","M5",0.47619579788109,-0.5,1,"XP11"
"VNNQRHIVKNSZ","M2",0.47619579788109,-0.5,1,"XP11"
"VNNQRHIVKNSZ","B7",0.47619579788109,0.5,9,"XP11"
"VNNQRHIVKNSZ","M7",0.47619579788109,-0.5,1,"XP11"
"VNNQRHIVKNSZ","B6",0.47619579788109,0.5,9,"XP11"
"VNNQRHIVKNSZ","M6",0.47619579788109,-0.5,1,"XP11"
"VNNQRHIVKNSZ","B8",0.47619579788109,0.5,9,"XP11"
"VNNQRHIVKNSZ","M4",0.47619579788109,-0.5,1,"XP11"
"VNNQRHIVKNSZ","B2",0.47619579788109,0.5,9,"XP11"
"VZIWRLWCORZK","M5",-1.87955427508033,-0.5,4,"XP11"
"VZIWRLWCORZK","M3",-1.87955427508033,-0.5,4,"XP11"
"VZIWRLWCORZK","M7",-1.87955427508033,-0.5,6,"XP11"
"VZIWRLWCORZK","B5",-1.87955427508033,0.5,4,"XP11"
"VZIWRLWCORZK","B6",-1.87955427508033,0.5,3,"XP11"
"VZIWRLWCORZK","B3",-1.87955427508033,0.5,6,"XP11"
"VZIWRLWCORZK","B4",-1.87955427508033,0.5,4,"XP11"
"VZIWRLWCORZK","M8",-1.87955427508033,-0.5,6,"XP11"
"VZIWRLWCORZK","B7",-1.87955427508033,0.5,7,"XP11"
"VZIWRLWCORZK","M4",-1.87955427508033,-0.5,4,"XP11"
"VZIWRLWCORZK","M1",-1.87955427508033,-0.5,2,"XP11"
"VZIWRLWCORZK","M6",-1.87955427508033,-0.5,6,"XP11"
"VZIWRLWCORZK","B2",-1.87955427508033,0.5,4,"XP11"
"VZIWRLWCORZK","B1",-1.87955427508033,0.5,7,"XP11"
"VZIWRLWCORZK","M2",-1.87955427508033,-0.5,4,"XP11"
"VZIWRLWCORZK","B8",-1.87955427508033,0.5,7,"XP11"
"VZKTHTGPNTLU","B3",0.790295807609279,-0.5,8,"XP11"
"VZKTHTGPNTLU","M5",0.790295807609279,0.5,5,"XP11"
"VZKTHTGPNTLU","M1",0.790295807609279,0.5,2,"XP11"
"VZKTHTGPNTLU","M8",0.790295807609279,0.5,4,"XP11"
"VZKTHTGPNTLU","B4",0.790295807609279,-0.5,7,"XP11"
"VZKTHTGPNTLU","B2",0.790295807609279,-0.5,4,"XP11"
"VZKTHTGPNTLU","B8",0.790295807609279,-0.5,3,"XP11"
"VZKTHTGPNTLU","M6",0.790295807609279,0.5,5,"XP11"
"VZKTHTGPNTLU","M7",0.790295807609279,0.5,6,"XP11"
"VZKTHTGPNTLU","B6",0.790295807609279,-0.5,3,"XP11"
"VZKTHTGPNTLU","M3",0.790295807609279,0.5,2,"XP11"
"VZKTHTGPNTLU","B1",0.790295807609279,-0.5,6,"XP11"
"VZKTHTGPNTLU","B5",0.790295807609279,-0.5,7,"XP11"
"VZKTHTGPNTLU","B7",0.790295807609279,-0.5,2,"XP11"
"VZKTHTGPNTLU","M4",0.790295807609279,0.5,5,"XP11"
"VZKTHTGPNTLU","M2",0.790295807609279,0.5,6,"XP11"
"WGVBHUXRQTYQ","M7",1.15674581895883,0.5,7,"XP11"
"WGVBHUXRQTYQ","M4",1.15674581895883,0.5,7,"XP11"
"WGVBHUXRQTYQ","M6",1.15674581895883,0.5,7,"XP11"
"WGVBHUXRQTYQ","M8",1.15674581895883,0.5,7,"XP11"
"WGVBHUXRQTYQ","M3",1.15674581895883,0.5,7,"XP11"
"WGVBHUXRQTYQ","B4",1.15674581895883,-0.5,4,"XP11"
"WGVBHUXRQTYQ","B7",1.15674581895883,-0.5,4,"XP11"
"WGVBHUXRQTYQ","M1",1.15674581895883,0.5,7,"XP11"
"WGVBHUXRQTYQ","M5",1.15674581895883,0.5,7,"XP11"
"WGVBHUXRQTYQ","M2",1.15674581895883,0.5,6,"XP11"
"WGVBHUXRQTYQ","B1",1.15674581895883,-0.5,3,"XP11"
"WGVBHUXRQTYQ","B6",1.15674581895883,-0.5,3,"XP11"
"WGVBHUXRQTYQ","B3",1.15674581895883,-0.5,4,"XP11"
"WGVBHUXRQTYQ","B5",1.15674581895883,-0.5,4,"XP11"
"WGVBHUXRQTYQ","B8",1.15674581895883,-0.5,4,"XP11"
"WGVBHUXRQTYQ","B2",1.15674581895883,-0.5,4,"XP11"
"WJSHBGWFABZF","B8",-1.6178042669735,0.5,3,"XP11"
"WJSHBGWFABZF","B3",-1.6178042669735,0.5,3,"XP11"
"WJSHBGWFABZF","B7",-1.6178042669735,0.5,5,"XP11"
"WJSHBGWFABZF","B6",-1.6178042669735,0.5,3,"XP11"
"WJSHBGWFABZF","M8",-1.6178042669735,-0.5,6,"XP11"
"WJSHBGWFABZF","M2",-1.6178042669735,-0.5,5,"XP11"
"WJSHBGWFABZF","M1",-1.6178042669735,-0.5,5,"XP11"
"WJSHBGWFABZF","B5",-1.6178042669735,0.5,4,"XP11"
"WJSHBGWFABZF","B1",-1.6178042669735,0.5,3,"XP11"
"WJSHBGWFABZF","B2",-1.6178042669735,0.5,3,"XP11"
"WJSHBGWFABZF","M3",-1.6178042669735,-0.5,6,"XP11"
"WJSHBGWFABZF","B4",-1.6178042669735,0.5,6,"XP11"
"WJSHBGWFABZF","M5",-1.6178042669735,-0.5,6,"XP11"
"WJSHBGWFABZF","M4",-1.6178042669735,-0.5,4,"XP11"
"WJSHBGWFABZF","M6",-1.6178042669735,-0.5,3,"XP11"
"WJSHBGWFABZF","M7",-1.6178042669735,-0.5,5,"XP11"
"WPUGPJFYMFPB","M1",0.580895801123819,-0.5,3,"XP11"
"WPUGPJFYMFPB","M5",0.580895801123819,-0.5,4,"XP11"
"WPUGPJFYMFPB","M8",0.580895801123819,-0.5,2,"XP11"
"WPUGPJFYMFPB","B8",0.580895801123819,0.5,1,"XP11"
"WPUGPJFYMFPB","M2",0.580895801123819,-0.5,2,"XP11"
"WPUGPJFYMFPB","M6",0.580895801123819,-0.5,4,"XP11"
"WPUGPJFYMFPB","B2",0.580895801123819,0.5,7,"XP11"
"WPUGPJFYMFPB","B1",0.580895801123819,0.5,9,"XP11"
"WPUGPJFYMFPB","M7",0.580895801123819,-0.5,2,"XP11"
"WPUGPJFYMFPB","B7",0.580895801123819,0.5,6,"XP11"
"WPUGPJFYMFPB","M3",0.580895801123819,-0.5,3,"XP11"
"WPUGPJFYMFPB","B6",0.580895801123819,0.5,3,"XP11"
"WPUGPJFYMFPB","B5",0.580895801123819,0.5,8,"XP11"
"WPUGPJFYMFPB","M4",0.580895801123819,-0.5,3,"XP11"
"WPUGPJFYMFPB","B4",0.580895801123819,0.5,8,"XP11"
"WPUGPJFYMFPB","B3",0.580895801123819,0.5,7,"XP11"
"XWLUIYTSDBTF","B4",-0.675504237788936,-0.5,2,"XP11"
"XWLUIYTSDBTF","B5",-0.675504237788936,-0.5,2,"XP11"
"XWLUIYTSDBTF","B7",-0.675504237788936,-0.5,2,"XP11"
"XWLUIYTSDBTF","M7",-0.675504237788936,0.5,2,"XP11"
"XWLUIYTSDBTF","M4",-0.675504237788936,0.5,2,"XP11"
"XWLUIYTSDBTF","M8",-0.675504237788936,0.5,2,"XP11"
"XWLUIYTSDBTF","M6",-0.675504237788936,0.5,2,"XP11"
"XWLUIYTSDBTF","B1",-0.675504237788936,-0.5,2,"XP11"
"XWLUIYTSDBTF","B3",-0.675504237788936,-0.5,2,"XP11"
"XWLUIYTSDBTF","M2",-0.675504237788936,0.5,2,"XP11"
"XWLUIYTSDBTF","B8",-0.675504237788936,-0.5,2,"XP11"
"XWLUIYTSDBTF","M5",-0.675504237788936,0.5,2,"XP11"
"XWLUIYTSDBTF","B2",-0.675504237788936,-0.5,2,"XP11"
"XWLUIYTSDBTF","M3",-0.675504237788936,0.5,2,"XP11"
"XWLUIYTSDBTF","M1",-0.675504237788936,0.5,2,"XP11"
"XWLUIYTSDBTF","B6",-0.675504237788936,-0.5,3,"XP11"
"XZTFJNYSVYCZ","B8",0.162095788152901,0.5,5,"XP11"
"XZTFJNYSVYCZ","M6",0.162095788152901,-0.5,2,"XP11"
"XZTFJNYSVYCZ","M1",0.162095788152901,-0.5,5,"XP11"
"XZTFJNYSVYCZ","B3",0.162095788152901,0.5,5,"XP11"
"XZTFJNYSVYCZ","B5",0.162095788152901,0.5,2,"XP11"
"XZTFJNYSVYCZ","M7",0.162095788152901,-0.5,5,"XP11"
"XZTFJNYSVYCZ","M5",0.162095788152901,-0.5,2,"XP11"
"XZTFJNYSVYCZ","B4",0.162095788152901,0.5,5,"XP11"
"XZTFJNYSVYCZ","M2",0.162095788152901,-0.5,5,"XP11"
"XZTFJNYSVYCZ","M3",0.162095788152901,-0.5,5,"XP11"
"XZTFJNYSVYCZ","B1",0.162095788152901,0.5,6,"XP11"
"XZTFJNYSVYCZ","B2",0.162095788152901,0.5,6,"XP11"
"XZTFJNYSVYCZ","B7",0.162095788152901,0.5,2,"XP11"
"XZTFJNYSVYCZ","M4",0.162095788152901,-0.5,3,"XP11"
"XZTFJNYSVYCZ","B6",0.162095788152901,0.5,2,"XP11"
"XZTFJNYSVYCZ","M8",0.162095788152901,-0.5,2,"XP11"
"XZXDOSYCRXAL","M6",0.842645809230643,0.5,1,"XP11"
"XZXDOSYCRXAL","B6",0.842645809230643,-0.5,8,"XP11"
"XZXDOSYCRXAL","M1",0.842645809230643,0.5,1,"XP11"
"XZXDOSYCRXAL","M2",0.842645809230643,0.5,1,"XP11"
"XZXDOSYCRXAL","B3",0.842645809230643,-0.5,8,"XP11"
"XZXDOSYCRXAL","M7",0.842645809230643,0.5,1,"XP11"
"XZXDOSYCRXAL","B2",0.842645809230643,-0.5,8,"XP11"
"XZXDOSYCRXAL","M4",0.842645809230643,0.5,1,"XP11"
"XZXDOSYCRXAL","M5",0.842645809230643,0.5,1,"XP11"
"XZXDOSYCRXAL","B7",0.842645809230643,-0.5,8,"XP11"
"XZXDOSYCRXAL","B1",0.842645809230643,-0.5,8,"XP11"
"XZXDOSYCRXAL","B8",0.842645809230643,-0.5,8,"XP11"
"XZXDOSYCRXAL","M3",0.842645809230643,0.5,1,"XP11"
"XZXDOSYCRXAL","B5",0.842645809230643,-0.5,8,"XP11"
"XZXDOSYCRXAL","M8",0.842645809230643,0.5,1,"XP11"
"XZXDOSYCRXAL","B4",0.842645809230643,-0.5,8,"XP11"
"YDPJUMBQKLVR","M4",0.737945805987914,-0.5,2,"XP11"
"YDPJUMBQKLVR","M5",0.737945805987914,-0.5,2,"XP11"
"YDPJUMBQKLVR","B7",0.737945805987914,0.5,6,"XP11"
"YDPJUMBQKLVR","B1",0.737945805987914,0.5,8,"XP11"
"YDPJUMBQKLVR","B8",0.737945805987914,0.5,8,"XP11"
"YDPJUMBQKLVR","M3",0.737945805987914,-0.5,2,"XP11"
"YDPJUMBQKLVR","B5",0.737945805987914,0.5,5,"XP11"
"YDPJUMBQKLVR","M8",0.737945805987914,-0.5,6,"XP11"
"YDPJUMBQKLVR","B4",0.737945805987914,0.5,5,"XP11"
"YDPJUMBQKLVR","B2",0.737945805987914,0.5,4,"XP11"
"YDPJUMBQKLVR","B6",0.737945805987914,0.5,2,"XP11"
"YDPJUMBQKLVR","M7",0.737945805987914,-0.5,3,"XP11"
"YDPJUMBQKLVR","M2",0.737945805987914,-0.5,5,"XP11"
"YDPJUMBQKLVR","M1",0.737945805987914,-0.5,8,"XP11"
"YDPJUMBQKLVR","B3",0.737945805987914,0.5,6,"XP11"
"YDPJUMBQKLVR","M6",0.737945805987914,-0.5,1,"XP11"
"YEEMGZZDPAGW","M5",0.790295807609279,-0.5,6,"XP11"
"YEEMGZZDPAGW","B3",0.790295807609279,0.5,1,"XP11"
"YEEMGZZDPAGW","B4",0.790295807609279,0.5,4,"XP11"
"YEEMGZZDPAGW","B6",0.790295807609279,0.5,3,"XP11"
"YEEMGZZDPAGW","M8",0.790295807609279,-0.5,5,"XP11"
"YEEMGZZDPAGW","M1",0.790295807609279,-0.5,5,"XP11"
"YEEMGZZDPAGW","M2",0.790295807609279,-0.5,5,"XP11"
"YEEMGZZDPAGW","B2",0.790295807609279,0.5,1,"XP11"
"YEEMGZZDPAGW","B1",0.790295807609279,0.5,1,"XP11"
"YEEMGZZDPAGW","M3",0.790295807609279,-0.5,5,"XP11"
"YEEMGZZDPAGW","M6",0.790295807609279,-0.5,5,"XP11"
"YEEMGZZDPAGW","M7",0.790295807609279,-0.5,5,"XP11"
"YEEMGZZDPAGW","B7",0.790295807609279,0.5,1,"XP11"
"YEEMGZZDPAGW","M4",0.790295807609279,-0.5,5,"XP11"
"YEEMGZZDPAGW","B8",0.790295807609279,0.5,2,"XP11"
"YEEMGZZDPAGW","B5",0.790295807609279,0.5,2,"XP11"
"YHOKALCDXUZW","B8",-0.623154236167572,0.5,7,"XP11"
"YHOKALCDXUZW","M2",-0.623154236167572,-0.5,3,"XP11"
"YHOKALCDXUZW","M5",-0.623154236167572,-0.5,4,"XP11"
"YHOKALCDXUZW","M7",-0.623154236167572,-0.5,2,"XP11"
"YHOKALCDXUZW","B5",-0.623154236167572,0.5,9,"XP11"
"YHOKALCDXUZW","M4",-0.623154236167572,-0.5,1,"XP11"
"YHOKALCDXUZW","B3",-0.623154236167572,0.5,9,"XP11"
"YHOKALCDXUZW","B2",-0.623154236167572,0.5,8,"XP11"
"YHOKALCDXUZW","B4",-0.623154236167572,0.5,6,"XP11"
"YHOKALCDXUZW","M1",-0.623154236167572,-0.5,3,"XP11"
"YHOKALCDXUZW","B7",-0.623154236167572,0.5,7,"XP11"
"YHOKALCDXUZW","B1",-0.623154236167572,0.5,7,"XP11"
"YHOKALCDXUZW","M6",-0.623154236167572,-0.5,4,"XP11"
"YHOKALCDXUZW","M8",-0.623154236167572,-0.5,3,"XP11"
"YHOKALCDXUZW","M3",-0.623154236167572,-0.5,2,"XP11"
"YHOKALCDXUZW","B6",-0.623154236167572,0.5,9,"XP11"
"YJQNXHXEUGKY","M8",0.214445789774266,0.5,8,"XP11"
"YJQNXHXEUGKY","B2",0.214445789774266,-0.5,7,"XP11"
"YJQNXHXEUGKY","M4",0.214445789774266,0.5,5,"XP11"
"YJQNXHXEUGKY","B6",0.214445789774266,-0.5,6,"XP11"
"YJQNXHXEUGKY","B1",0.214445789774266,-0.5,1,"XP11"
"YJQNXHXEUGKY","M2",0.214445789774266,0.5,5,"XP11"
"YJQNXHXEUGKY","B8",0.214445789774266,-0.5,6,"XP11"
"YJQNXHXEUGKY","M3",0.214445789774266,0.5,2,"XP11"
"YJQNXHXEUGKY","B4",0.214445789774266,-0.5,5,"XP11"
"YJQNXHXEUGKY","M6",0.214445789774266,0.5,3,"XP11"
"YJQNXHXEUGKY","M1",0.214445789774266,0.5,4,"XP11"
"YJQNXHXEUGKY","M5",0.214445789774266,0.5,5,"XP11"
"YJQNXHXEUGKY","B7",0.214445789774266,-0.5,2,"XP11"
"YJQNXHXEUGKY","M7",0.214445789774266,0.5,5,"XP11"
"YJQNXHXEUGKY","B5",0.214445789774266,-0.5,6,"XP11"
"YJQNXHXEUGKY","B3",0.214445789774266,-0.5,3,"XP11"
"YXNIOIEDNIEV","B4",-0.675504237788936,0.5,1,"XP11"
"YXNIOIEDNIEV","B6",-0.675504237788936,0.5,1,"XP11"
"YXNIOIEDNIEV","B8",-0.675504237788936,0.5,2,"XP11"
"YXNIOIEDNIEV","M6",-0.675504237788936,-0.5,9,"XP11"
"YXNIOIEDNIEV","M2",-0.675504237788936,-0.5,9,"XP11"
"YXNIOIEDNIEV","M5",-0.675504237788936,-0.5,9,"XP11"
"YXNIOIEDNIEV","B1",-0.675504237788936,0.5,1,"XP11"
"YXNIOIEDNIEV","M1",-0.675504237788936,-0.5,9,"XP11"
"YXNIOIEDNIEV","M4",-0.675504237788936,-0.5,1,"XP11"
"YXNIOIEDNIEV","B7",-0.675504237788936,0.5,1,"XP11"
"YXNIOIEDNIEV","B5",-0.675504237788936,0.5,1,"XP11"
"YXNIOIEDNIEV","B3",-0.675504237788936,0.5,1,"XP11"
"YXNIOIEDNIEV","M7",-0.675504237788936,-0.5,1,"XP11"
"YXNIOIEDNIEV","M3",-0.675504237788936,-0.5,9,"XP11"
"YXNIOIEDNIEV","M8",-0.675504237788936,-0.5,9,"XP11"
"YXNIOIEDNIEV","B2",-0.675504237788936,0.5,1,"XP11"
"ZWVIDXASUOXH","B8",0.737945805987914,-0.5,5,"XP11"
"ZWVIDXASUOXH","B4",0.737945805987914,-0.5,5,"XP11"
"ZWVIDXASUOXH","B2",0.737945805987914,-0.5,4,"XP11"
"ZWVIDXASUOXH","M7",0.737945805987914,0.5,7,"XP11"
"ZWVIDXASUOXH","M6",0.737945805987914,0.5,5,"XP11"
"ZWVIDXASUOXH","M2",0.737945805987914,0.5,9,"XP11"
"ZWVIDXASUOXH","M5",0.737945805987914,0.5,6,"XP11"
"ZWVIDXASUOXH","M8",0.737945805987914,0.5,6,"XP11"
"ZWVIDXASUOXH","B7",0.737945805987914,-0.5,2,"XP11"
"ZWVIDXASUOXH","B1",0.737945805987914,-0.5,8,"XP11"
"ZWVIDXASUOXH","B3",0.737945805987914,-0.5,8,"XP11"
"ZWVIDXASUOXH","M1",0.737945805987914,0.5,3,"XP11"
"ZWVIDXASUOXH","M4",0.737945805987914,0.5,3,"XP11"
"ZWVIDXASUOXH","M3",0.737945805987914,0.5,5,"XP11"
"ZWVIDXASUOXH","B5",0.737945805987914,-0.5,2,"XP11"
"ZWVIDXASUOXH","B6",0.737945805987914,-0.5,8,"XP11"
