"ppt","stim1","RWAscore","usvalence","response"
"AAMOKZPAFMKE","M4",0.352870019114647,-0.5,2
"AAMOKZPAFMKE","B1",0.352870019114647,0.5,8
"AAMOKZPAFMKE","M1",0.352870019114647,-0.5,2
"AAMOKZPAFMKE","M5",0.352870019114647,-0.5,2
"AAMOKZPAFMKE","M2",0.352870019114647,-0.5,2
"AAMOKZPAFMKE","B5",0.352870019114647,0.5,8
"AAMOKZPAFMKE","B8",0.352870019114647,0.5,9
"AAMOKZPAFMKE","B4",0.352870019114647,0.5,8
"AAMOKZPAFMKE","M7",0.352870019114647,-0.5,2
"AAMOKZPAFMKE","B2",0.352870019114647,0.5,9
"AAMOKZPAFMKE","B7",0.352870019114647,0.5,9
"AAMOKZPAFMKE","M8",0.352870019114647,-0.5,1
"AAMOKZPAFMKE","M6",0.352870019114647,-0.5,1
"AAMOKZPAFMKE","B6",0.352870019114647,0.5,9
"AAMOKZPAFMKE","M3",0.352870019114647,-0.5,1
"AAMOKZPAFMKE","B3",0.352870019114647,0.5,9
"AAPQGRFDBCHI","B6",-1.46650853947842,-0.5,5
"AAPQGRFDBCHI","B2",-1.46650853947842,-0.5,3
"AAPQGRFDBCHI","M3",-1.46650853947842,0.5,3
"AAPQGRFDBCHI","M2",-1.46650853947842,0.5,3
"AAPQGRFDBCHI","B4",-1.46650853947842,-0.5,5
"AAPQGRFDBCHI","B7",-1.46650853947842,-0.5,3
"AAPQGRFDBCHI","M7",-1.46650853947842,0.5,2
"AAPQGRFDBCHI","B1",-1.46650853947842,-0.5,3
"AAPQGRFDBCHI","M6",-1.46650853947842,0.5,3
"AAPQGRFDBCHI","B8",-1.46650853947842,-0.5,2
"AAPQGRFDBCHI","M4",-1.46650853947842,0.5,2
"AAPQGRFDBCHI","B3",-1.46650853947842,-0.5,3
"AAPQGRFDBCHI","M1",-1.46650853947842,0.5,2
"AAPQGRFDBCHI","M5",-1.46650853947842,0.5,2
"AAPQGRFDBCHI","M8",-1.46650853947842,0.5,5
"AAPQGRFDBCHI","B5",-1.46650853947842,-0.5,2
"ABXONMSGALLE","M2",-0.517267552386383,0.5,8
"ABXONMSGALLE","B4",-0.517267552386383,-0.5,1
"ABXONMSGALLE","B8",-0.517267552386383,-0.5,1
"ABXONMSGALLE","M5",-0.517267552386383,0.5,9
"ABXONMSGALLE","M7",-0.517267552386383,0.5,9
"ABXONMSGALLE","M8",-0.517267552386383,0.5,9
"ABXONMSGALLE","M1",-0.517267552386383,0.5,1
"ABXONMSGALLE","M4",-0.517267552386383,0.5,8
"ABXONMSGALLE","B6",-0.517267552386383,-0.5,1
"ABXONMSGALLE","B3",-0.517267552386383,-0.5,1
"ABXONMSGALLE","M3",-0.517267552386383,0.5,8
"ABXONMSGALLE","M6",-0.517267552386383,0.5,9
"ABXONMSGALLE","B1",-0.517267552386383,-0.5,1
"ABXONMSGALLE","B7",-0.517267552386383,-0.5,1
"ABXONMSGALLE","B5",-0.517267552386383,-0.5,1
"ABXONMSGALLE","B2",-0.517267552386383,-0.5,1
"ADPZCGIOQBDE","B6",-0.359060721204378,0.5,4
"ADPZCGIOQBDE","M5",-0.359060721204378,-0.5,3
"ADPZCGIOQBDE","M3",-0.359060721204378,-0.5,3
"ADPZCGIOQBDE","B7",-0.359060721204378,0.5,5
"ADPZCGIOQBDE","M2",-0.359060721204378,-0.5,4
"ADPZCGIOQBDE","B5",-0.359060721204378,0.5,3
"ADPZCGIOQBDE","M8",-0.359060721204378,-0.5,3
"ADPZCGIOQBDE","B4",-0.359060721204378,0.5,6
"ADPZCGIOQBDE","M7",-0.359060721204378,-0.5,3
"ADPZCGIOQBDE","B8",-0.359060721204378,0.5,6
"ADPZCGIOQBDE","M4",-0.359060721204378,-0.5,3
"ADPZCGIOQBDE","B3",-0.359060721204378,0.5,3
"ADPZCGIOQBDE","M6",-0.359060721204378,-0.5,3
"ADPZCGIOQBDE","B1",-0.359060721204378,0.5,6
"ADPZCGIOQBDE","M1",-0.359060721204378,-0.5,3
"ADPZCGIOQBDE","B2",-0.359060721204378,0.5,6
"AEEBCQMJSXNZ","M1",0.43197343470565,-0.5,3
"AEEBCQMJSXNZ","M7",0.43197343470565,-0.5,3
"AEEBCQMJSXNZ","B2",0.43197343470565,0.5,6
"AEEBCQMJSXNZ","B8",0.43197343470565,0.5,8
"AEEBCQMJSXNZ","M6",0.43197343470565,-0.5,5
"AEEBCQMJSXNZ","B5",0.43197343470565,0.5,8
"AEEBCQMJSXNZ","B6",0.43197343470565,0.5,9
"AEEBCQMJSXNZ","B1",0.43197343470565,0.5,9
"AEEBCQMJSXNZ","M4",0.43197343470565,-0.5,5
"AEEBCQMJSXNZ","B4",0.43197343470565,0.5,8
"AEEBCQMJSXNZ","M8",0.43197343470565,-0.5,4
"AEEBCQMJSXNZ","M3",0.43197343470565,-0.5,4
"AEEBCQMJSXNZ","M2",0.43197343470565,-0.5,6
"AEEBCQMJSXNZ","M5",0.43197343470565,-0.5,3
"AEEBCQMJSXNZ","B7",0.43197343470565,0.5,8
"AEEBCQMJSXNZ","B3",0.43197343470565,0.5,9
"AJNGEHTFUWWT","M8",-0.438164136795381,-0.5,5
"AJNGEHTFUWWT","M4",-0.438164136795381,-0.5,6
"AJNGEHTFUWWT","B4",-0.438164136795381,0.5,5
"AJNGEHTFUWWT","B8",-0.438164136795381,0.5,5
"AJNGEHTFUWWT","M6",-0.438164136795381,-0.5,2
"AJNGEHTFUWWT","B5",-0.438164136795381,0.5,4
"AJNGEHTFUWWT","M7",-0.438164136795381,-0.5,4
"AJNGEHTFUWWT","M5",-0.438164136795381,-0.5,1
"AJNGEHTFUWWT","B6",-0.438164136795381,0.5,5
"AJNGEHTFUWWT","B1",-0.438164136795381,0.5,4
"AJNGEHTFUWWT","B2",-0.438164136795381,0.5,4
"AJNGEHTFUWWT","M1",-0.438164136795381,-0.5,4
"AJNGEHTFUWWT","M2",-0.438164136795381,-0.5,5
"AJNGEHTFUWWT","B7",-0.438164136795381,0.5,5
"AJNGEHTFUWWT","B3",-0.438164136795381,0.5,5
"AJNGEHTFUWWT","M3",-0.438164136795381,-0.5,4
"AWFWSRTWAKND","B1",0.590180265887656,0.5,7
"AWFWSRTWAKND","B2",0.590180265887656,0.5,5
"AWFWSRTWAKND","M8",0.590180265887656,-0.5,3
"AWFWSRTWAKND","B3",0.590180265887656,0.5,6
"AWFWSRTWAKND","B8",0.590180265887656,0.5,3
"AWFWSRTWAKND","M2",0.590180265887656,-0.5,2
"AWFWSRTWAKND","M7",0.590180265887656,-0.5,2
"AWFWSRTWAKND","M4",0.590180265887656,-0.5,5
"AWFWSRTWAKND","B4",0.590180265887656,0.5,5
"AWFWSRTWAKND","B6",0.590180265887656,0.5,4
"AWFWSRTWAKND","B5",0.590180265887656,0.5,8
"AWFWSRTWAKND","M5",0.590180265887656,-0.5,3
"AWFWSRTWAKND","B7",0.590180265887656,0.5,2
"AWFWSRTWAKND","M3",0.590180265887656,-0.5,5
"AWFWSRTWAKND","M1",0.590180265887656,-0.5,3
"AWFWSRTWAKND","M6",0.590180265887656,-0.5,3
"BBSXJASNHBNS","M2",0.352870019114647,-0.5,1
"BBSXJASNHBNS","B5",0.352870019114647,0.5,9
"BBSXJASNHBNS","B2",0.352870019114647,0.5,9
"BBSXJASNHBNS","B8",0.352870019114647,0.5,9
"BBSXJASNHBNS","B1",0.352870019114647,0.5,9
"BBSXJASNHBNS","M3",0.352870019114647,-0.5,1
"BBSXJASNHBNS","M4",0.352870019114647,-0.5,1
"BBSXJASNHBNS","B3",0.352870019114647,0.5,1
"BBSXJASNHBNS","M5",0.352870019114647,-0.5,1
"BBSXJASNHBNS","B7",0.352870019114647,0.5,9
"BBSXJASNHBNS","M1",0.352870019114647,-0.5,1
"BBSXJASNHBNS","M7",0.352870019114647,-0.5,1
"BBSXJASNHBNS","M8",0.352870019114647,-0.5,1
"BBSXJASNHBNS","B4",0.352870019114647,0.5,9
"BBSXJASNHBNS","B6",0.352870019114647,0.5,9
"BBSXJASNHBNS","M6",0.352870019114647,-0.5,1
"BCSWUQFCOGKB","B1",-0.9918880459324,-0.5,1
"BCSWUQFCOGKB","B8",-0.9918880459324,-0.5,1
"BCSWUQFCOGKB","M5",-0.9918880459324,0.5,9
"BCSWUQFCOGKB","B5",-0.9918880459324,-0.5,1
"BCSWUQFCOGKB","B6",-0.9918880459324,-0.5,1
"BCSWUQFCOGKB","B3",-0.9918880459324,-0.5,1
"BCSWUQFCOGKB","M3",-0.9918880459324,0.5,9
"BCSWUQFCOGKB","B2",-0.9918880459324,-0.5,1
"BCSWUQFCOGKB","M2",-0.9918880459324,0.5,9
"BCSWUQFCOGKB","B4",-0.9918880459324,-0.5,1
"BCSWUQFCOGKB","M8",-0.9918880459324,0.5,9
"BCSWUQFCOGKB","B7",-0.9918880459324,-0.5,1
"BCSWUQFCOGKB","M4",-0.9918880459324,0.5,9
"BCSWUQFCOGKB","M7",-0.9918880459324,0.5,9
"BCSWUQFCOGKB","M1",-0.9918880459324,0.5,9
"BCSWUQFCOGKB","M6",-0.9918880459324,0.5,9
"BPDOZQBXDHKB","B1",1.38121442179768,-0.5,5
"BPDOZQBXDHKB","B7",1.38121442179768,-0.5,4
"BPDOZQBXDHKB","B5",1.38121442179768,-0.5,5
"BPDOZQBXDHKB","M1",1.38121442179768,0.5,5
"BPDOZQBXDHKB","B2",1.38121442179768,-0.5,2
"BPDOZQBXDHKB","M8",1.38121442179768,0.5,8
"BPDOZQBXDHKB","M4",1.38121442179768,0.5,7
"BPDOZQBXDHKB","B6",1.38121442179768,-0.5,3
"BPDOZQBXDHKB","M3",1.38121442179768,0.5,4
"BPDOZQBXDHKB","B4",1.38121442179768,-0.5,4
"BPDOZQBXDHKB","M5",1.38121442179768,0.5,5
"BPDOZQBXDHKB","B3",1.38121442179768,-0.5,7
"BPDOZQBXDHKB","M2",1.38121442179768,0.5,4
"BPDOZQBXDHKB","M6",1.38121442179768,0.5,5
"BPDOZQBXDHKB","B8",1.38121442179768,-0.5,6
"BPDOZQBXDHKB","M7",1.38121442179768,0.5,1
"BXVSAKSWECBF","B5",0.669283681478659,0.5,4
"BXVSAKSWECBF","M3",0.669283681478659,-0.5,3
"BXVSAKSWECBF","B7",0.669283681478659,0.5,5
"BXVSAKSWECBF","M4",0.669283681478659,-0.5,4
"BXVSAKSWECBF","B2",0.669283681478659,0.5,6
"BXVSAKSWECBF","M6",0.669283681478659,-0.5,4
"BXVSAKSWECBF","M8",0.669283681478659,-0.5,5
"BXVSAKSWECBF","B8",0.669283681478659,0.5,5
"BXVSAKSWECBF","B1",0.669283681478659,0.5,6
"BXVSAKSWECBF","M5",0.669283681478659,-0.5,5
"BXVSAKSWECBF","B3",0.669283681478659,0.5,6
"BXVSAKSWECBF","M2",0.669283681478659,-0.5,4
"BXVSAKSWECBF","M7",0.669283681478659,-0.5,5
"BXVSAKSWECBF","M1",0.669283681478659,-0.5,5
"BXVSAKSWECBF","B6",0.669283681478659,0.5,5
"BXVSAKSWECBF","B4",0.669283681478659,0.5,6
"CDWNASMXZLZR","B3",0.43197343470565,-0.5,2
"CDWNASMXZLZR","M7",0.43197343470565,0.5,8
"CDWNASMXZLZR","M4",0.43197343470565,0.5,8
"CDWNASMXZLZR","B1",0.43197343470565,-0.5,3
"CDWNASMXZLZR","M3",0.43197343470565,0.5,7
"CDWNASMXZLZR","M6",0.43197343470565,0.5,8
"CDWNASMXZLZR","B6",0.43197343470565,-0.5,4
"CDWNASMXZLZR","B5",0.43197343470565,-0.5,3
"CDWNASMXZLZR","B8",0.43197343470565,-0.5,2
"CDWNASMXZLZR","B2",0.43197343470565,-0.5,2
"CDWNASMXZLZR","M8",0.43197343470565,0.5,8
"CDWNASMXZLZR","M5",0.43197343470565,0.5,6
"CDWNASMXZLZR","B4",0.43197343470565,-0.5,3
"CDWNASMXZLZR","M1",0.43197343470565,0.5,6
"CDWNASMXZLZR","B7",0.43197343470565,-0.5,4
"CDWNASMXZLZR","M2",0.43197343470565,0.5,9
"CGZELYPWPRYW","M8",0.194663187932642,-0.5,3
"CGZELYPWPRYW","B3",0.194663187932642,0.5,8
"CGZELYPWPRYW","M6",0.194663187932642,-0.5,5
"CGZELYPWPRYW","B5",0.194663187932642,0.5,8
"CGZELYPWPRYW","M5",0.194663187932642,-0.5,4
"CGZELYPWPRYW","B6",0.194663187932642,0.5,7
"CGZELYPWPRYW","B7",0.194663187932642,0.5,8
"CGZELYPWPRYW","M3",0.194663187932642,-0.5,3
"CGZELYPWPRYW","B4",0.194663187932642,0.5,7
"CGZELYPWPRYW","B8",0.194663187932642,0.5,8
"CGZELYPWPRYW","B2",0.194663187932642,0.5,8
"CGZELYPWPRYW","M2",0.194663187932642,-0.5,7
"CGZELYPWPRYW","M4",0.194663187932642,-0.5,7
"CGZELYPWPRYW","B1",0.194663187932642,0.5,8
"CGZELYPWPRYW","M7",0.194663187932642,-0.5,8
"CGZELYPWPRYW","M1",0.194663187932642,-0.5,7
"CZCOWCKRDWPU","M3",0.43197343470565,0.5,7
"CZCOWCKRDWPU","M7",0.43197343470565,0.5,7
"CZCOWCKRDWPU","B7",0.43197343470565,-0.5,1
"CZCOWCKRDWPU","M4",0.43197343470565,0.5,6
"CZCOWCKRDWPU","B4",0.43197343470565,-0.5,1
"CZCOWCKRDWPU","M8",0.43197343470565,0.5,6
"CZCOWCKRDWPU","B2",0.43197343470565,-0.5,1
"CZCOWCKRDWPU","M1",0.43197343470565,0.5,7
"CZCOWCKRDWPU","B1",0.43197343470565,-0.5,1
"CZCOWCKRDWPU","B6",0.43197343470565,-0.5,1
"CZCOWCKRDWPU","B3",0.43197343470565,-0.5,1
"CZCOWCKRDWPU","M5",0.43197343470565,0.5,5
"CZCOWCKRDWPU","M2",0.43197343470565,0.5,5
"CZCOWCKRDWPU","B5",0.43197343470565,-0.5,1
"CZCOWCKRDWPU","M6",0.43197343470565,0.5,6
"CZCOWCKRDWPU","B8",0.43197343470565,-0.5,5
"DSDHYUTTVRCE","B4",0.194663187932642,0.5,3
"DSDHYUTTVRCE","M1",0.194663187932642,-0.5,1
"DSDHYUTTVRCE","B1",0.194663187932642,0.5,5
"DSDHYUTTVRCE","M3",0.194663187932642,-0.5,1
"DSDHYUTTVRCE","M6",0.194663187932642,-0.5,5
"DSDHYUTTVRCE","M2",0.194663187932642,-0.5,1
"DSDHYUTTVRCE","M5",0.194663187932642,-0.5,2
"DSDHYUTTVRCE","B8",0.194663187932642,0.5,1
"DSDHYUTTVRCE","M7",0.194663187932642,-0.5,3
"DSDHYUTTVRCE","B7",0.194663187932642,0.5,3
"DSDHYUTTVRCE","B2",0.194663187932642,0.5,5
"DSDHYUTTVRCE","M8",0.194663187932642,-0.5,1
"DSDHYUTTVRCE","B3",0.194663187932642,0.5,5
"DSDHYUTTVRCE","B5",0.194663187932642,0.5,2
"DSDHYUTTVRCE","B6",0.194663187932642,0.5,2
"DSDHYUTTVRCE","M4",0.194663187932642,-0.5,1
"DSGVTTIYBDEE","B7",-0.0426470588403666,-0.5,6
"DSGVTTIYBDEE","B6",-0.0426470588403666,-0.5,7
"DSGVTTIYBDEE","M7",-0.0426470588403666,0.5,7
"DSGVTTIYBDEE","M6",-0.0426470588403666,0.5,7
"DSGVTTIYBDEE","M8",-0.0426470588403666,0.5,8
"DSGVTTIYBDEE","B3",-0.0426470588403666,-0.5,7
"DSGVTTIYBDEE","M2",-0.0426470588403666,0.5,6
"DSGVTTIYBDEE","B1",-0.0426470588403666,-0.5,7
"DSGVTTIYBDEE","B8",-0.0426470588403666,-0.5,7
"DSGVTTIYBDEE","M3",-0.0426470588403666,0.5,8
"DSGVTTIYBDEE","M5",-0.0426470588403666,0.5,8
"DSGVTTIYBDEE","M1",-0.0426470588403666,0.5,7
"DSGVTTIYBDEE","B4",-0.0426470588403666,-0.5,7
"DSGVTTIYBDEE","B2",-0.0426470588403666,-0.5,6
"DSGVTTIYBDEE","M4",-0.0426470588403666,0.5,7
"DSGVTTIYBDEE","B5",-0.0426470588403666,-0.5,7
"EFROIRKZFYDG","B1",0.98569734384267,-0.5,3
"EFROIRKZFYDG","M7",0.98569734384267,0.5,5
"EFROIRKZFYDG","M5",0.98569734384267,0.5,5
"EFROIRKZFYDG","B8",0.98569734384267,-0.5,5
"EFROIRKZFYDG","M8",0.98569734384267,0.5,5
"EFROIRKZFYDG","M6",0.98569734384267,0.5,5
"EFROIRKZFYDG","M1",0.98569734384267,0.5,5
"EFROIRKZFYDG","B4",0.98569734384267,-0.5,5
"EFROIRKZFYDG","B2",0.98569734384267,-0.5,5
"EFROIRKZFYDG","B5",0.98569734384267,-0.5,5
"EFROIRKZFYDG","B7",0.98569734384267,-0.5,5
"EFROIRKZFYDG","M4",0.98569734384267,0.5,5
"EFROIRKZFYDG","B6",0.98569734384267,-0.5,5
"EFROIRKZFYDG","M2",0.98569734384267,0.5,5
"EFROIRKZFYDG","M3",0.98569734384267,0.5,5
"EFROIRKZFYDG","B3",0.98569734384267,-0.5,5
"EMFKNAUTNMVI","B2",0.906593928251667,-0.5,2
"EMFKNAUTNMVI","M2",0.906593928251667,0.5,6
"EMFKNAUTNMVI","B6",0.906593928251667,-0.5,1
"EMFKNAUTNMVI","M3",0.906593928251667,0.5,6
"EMFKNAUTNMVI","B8",0.906593928251667,-0.5,2
"EMFKNAUTNMVI","M7",0.906593928251667,0.5,7
"EMFKNAUTNMVI","B5",0.906593928251667,-0.5,8
"EMFKNAUTNMVI","B4",0.906593928251667,-0.5,9
"EMFKNAUTNMVI","M1",0.906593928251667,0.5,2
"EMFKNAUTNMVI","B7",0.906593928251667,-0.5,3
"EMFKNAUTNMVI","M8",0.906593928251667,0.5,3
"EMFKNAUTNMVI","M4",0.906593928251667,0.5,4
"EMFKNAUTNMVI","B3",0.906593928251667,-0.5,8
"EMFKNAUTNMVI","M5",0.906593928251667,0.5,4
"EMFKNAUTNMVI","M6",0.906593928251667,0.5,4
"EMFKNAUTNMVI","B1",0.906593928251667,-0.5,7
"EPRJAAVRDDSE","B1",0.115559772341639,-0.5,1
"EPRJAAVRDDSE","B8",0.115559772341639,-0.5,3
"EPRJAAVRDDSE","M6",0.115559772341639,0.5,6
"EPRJAAVRDDSE","M2",0.115559772341639,0.5,4
"EPRJAAVRDDSE","M8",0.115559772341639,0.5,3
"EPRJAAVRDDSE","B2",0.115559772341639,-0.5,1
"EPRJAAVRDDSE","B3",0.115559772341639,-0.5,1
"EPRJAAVRDDSE","M1",0.115559772341639,0.5,2
"EPRJAAVRDDSE","M3",0.115559772341639,0.5,3
"EPRJAAVRDDSE","B5",0.115559772341639,-0.5,1
"EPRJAAVRDDSE","M4",0.115559772341639,0.5,3
"EPRJAAVRDDSE","B4",0.115559772341639,-0.5,4
"EPRJAAVRDDSE","B6",0.115559772341639,-0.5,8
"EPRJAAVRDDSE","B7",0.115559772341639,-0.5,7
"EPRJAAVRDDSE","M7",0.115559772341639,0.5,2
"EPRJAAVRDDSE","M5",0.115559772341639,0.5,8
"ESOVXTSFSTQH","M3",0.115559772341639,0.5,2
"ESOVXTSFSTQH","M8",0.115559772341639,0.5,6
"ESOVXTSFSTQH","B7",0.115559772341639,-0.5,8
"ESOVXTSFSTQH","B4",0.115559772341639,-0.5,5
"ESOVXTSFSTQH","M6",0.115559772341639,0.5,4
"ESOVXTSFSTQH","B6",0.115559772341639,-0.5,4
"ESOVXTSFSTQH","B3",0.115559772341639,-0.5,7
"ESOVXTSFSTQH","B5",0.115559772341639,-0.5,8
"ESOVXTSFSTQH","B2",0.115559772341639,-0.5,5
"ESOVXTSFSTQH","M2",0.115559772341639,0.5,5
"ESOVXTSFSTQH","B8",0.115559772341639,-0.5,7
"ESOVXTSFSTQH","M4",0.115559772341639,0.5,4
"ESOVXTSFSTQH","M1",0.115559772341639,0.5,4
"ESOVXTSFSTQH","B1",0.115559772341639,-0.5,5
"ESOVXTSFSTQH","M5",0.115559772341639,0.5,7
"ESOVXTSFSTQH","M7",0.115559772341639,0.5,7
"FPEJHBSGKFWH","M1",-2.17843927979744,-0.5,6
"FPEJHBSGKFWH","M2",-2.17843927979744,-0.5,4
"FPEJHBSGKFWH","B8",-2.17843927979744,0.5,5
"FPEJHBSGKFWH","B4",-2.17843927979744,0.5,6
"FPEJHBSGKFWH","B2",-2.17843927979744,0.5,5
"FPEJHBSGKFWH","B7",-2.17843927979744,0.5,5
"FPEJHBSGKFWH","M3",-2.17843927979744,-0.5,6
"FPEJHBSGKFWH","B3",-2.17843927979744,0.5,6
"FPEJHBSGKFWH","M8",-2.17843927979744,-0.5,4
"FPEJHBSGKFWH","M4",-2.17843927979744,-0.5,5
"FPEJHBSGKFWH","B6",-2.17843927979744,0.5,5
"FPEJHBSGKFWH","M6",-2.17843927979744,-0.5,6
"FPEJHBSGKFWH","M5",-2.17843927979744,-0.5,5
"FPEJHBSGKFWH","M7",-2.17843927979744,-0.5,4
"FPEJHBSGKFWH","B1",-2.17843927979744,0.5,5
"FPEJHBSGKFWH","B5",-2.17843927979744,0.5,6
"FZBEKIRPBZSW","B2",0.98569734384267,-0.5,2
"FZBEKIRPBZSW","B5",0.98569734384267,-0.5,3
"FZBEKIRPBZSW","M4",0.98569734384267,0.5,8
"FZBEKIRPBZSW","B8",0.98569734384267,-0.5,2
"FZBEKIRPBZSW","M6",0.98569734384267,0.5,8
"FZBEKIRPBZSW","M2",0.98569734384267,0.5,8
"FZBEKIRPBZSW","B3",0.98569734384267,-0.5,2
"FZBEKIRPBZSW","B1",0.98569734384267,-0.5,2
"FZBEKIRPBZSW","B6",0.98569734384267,-0.5,2
"FZBEKIRPBZSW","M8",0.98569734384267,0.5,8
"FZBEKIRPBZSW","M3",0.98569734384267,0.5,8
"FZBEKIRPBZSW","M7",0.98569734384267,0.5,8
"FZBEKIRPBZSW","B4",0.98569734384267,-0.5,2
"FZBEKIRPBZSW","M5",0.98569734384267,0.5,8
"FZBEKIRPBZSW","B7",0.98569734384267,-0.5,2
"FZBEKIRPBZSW","M1",0.98569734384267,0.5,8
"GMFAOMTIUYUI","M2",-0.359060721204378,0.5,1
"GMFAOMTIUYUI","B6",-0.359060721204378,-0.5,1
"GMFAOMTIUYUI","M6",-0.359060721204378,0.5,1
"GMFAOMTIUYUI","B5",-0.359060721204378,-0.5,1
"GMFAOMTIUYUI","M1",-0.359060721204378,0.5,1
"GMFAOMTIUYUI","B3",-0.359060721204378,-0.5,1
"GMFAOMTIUYUI","B2",-0.359060721204378,-0.5,1
"GMFAOMTIUYUI","M7",-0.359060721204378,0.5,1
"GMFAOMTIUYUI","M3",-0.359060721204378,0.5,1
"GMFAOMTIUYUI","B1",-0.359060721204378,-0.5,1
"GMFAOMTIUYUI","M8",-0.359060721204378,0.5,1
"GMFAOMTIUYUI","M5",-0.359060721204378,0.5,1
"GMFAOMTIUYUI","B4",-0.359060721204378,-0.5,1
"GMFAOMTIUYUI","B7",-0.359060721204378,-0.5,1
"GMFAOMTIUYUI","M4",-0.359060721204378,0.5,1
"GMFAOMTIUYUI","B8",-0.359060721204378,-0.5,1
"GMPRADWXOOQN","M5",0.827490512660664,0.5,4
"GMPRADWXOOQN","B6",0.827490512660664,-0.5,5
"GMPRADWXOOQN","B8",0.827490512660664,-0.5,5
"GMPRADWXOOQN","M3",0.827490512660664,0.5,4
"GMPRADWXOOQN","M6",0.827490512660664,0.5,4
"GMPRADWXOOQN","B2",0.827490512660664,-0.5,3
"GMPRADWXOOQN","M4",0.827490512660664,0.5,7
"GMPRADWXOOQN","B5",0.827490512660664,-0.5,7
"GMPRADWXOOQN","B7",0.827490512660664,-0.5,7
"GMPRADWXOOQN","B1",0.827490512660664,-0.5,7
"GMPRADWXOOQN","M1",0.827490512660664,0.5,5
"GMPRADWXOOQN","B3",0.827490512660664,-0.5,8
"GMPRADWXOOQN","M8",0.827490512660664,0.5,4
"GMPRADWXOOQN","M2",0.827490512660664,0.5,4
"GMPRADWXOOQN","B4",0.827490512660664,-0.5,6
"GMPRADWXOOQN","M7",0.827490512660664,0.5,5
"GSDCDQZTVJEX","B7",0.590180265887656,-0.5,2
"GSDCDQZTVJEX","M5",0.590180265887656,0.5,9
"GSDCDQZTVJEX","B1",0.590180265887656,-0.5,2
"GSDCDQZTVJEX","M7",0.590180265887656,0.5,9
"GSDCDQZTVJEX","M6",0.590180265887656,0.5,9
"GSDCDQZTVJEX","B2",0.590180265887656,-0.5,1
"GSDCDQZTVJEX","M2",0.590180265887656,0.5,9
"GSDCDQZTVJEX","M3",0.590180265887656,0.5,9
"GSDCDQZTVJEX","B4",0.590180265887656,-0.5,1
"GSDCDQZTVJEX","B6",0.590180265887656,-0.5,1
"GSDCDQZTVJEX","B5",0.590180265887656,-0.5,1
"GSDCDQZTVJEX","M1",0.590180265887656,0.5,9
"GSDCDQZTVJEX","B3",0.590180265887656,-0.5,1
"GSDCDQZTVJEX","B8",0.590180265887656,-0.5,1
"GSDCDQZTVJEX","M8",0.590180265887656,0.5,9
"GSDCDQZTVJEX","M4",0.590180265887656,0.5,9
"GZPARRRIMYPK","M6",-0.121750474431369,-0.5,2
"GZPARRRIMYPK","B2",-0.121750474431369,0.5,5
"GZPARRRIMYPK","B3",-0.121750474431369,0.5,5
"GZPARRRIMYPK","M5",-0.121750474431369,-0.5,1
"GZPARRRIMYPK","M7",-0.121750474431369,-0.5,3
"GZPARRRIMYPK","M4",-0.121750474431369,-0.5,6
"GZPARRRIMYPK","B6",-0.121750474431369,0.5,7
"GZPARRRIMYPK","M1",-0.121750474431369,-0.5,3
"GZPARRRIMYPK","M2",-0.121750474431369,-0.5,3
"GZPARRRIMYPK","B8",-0.121750474431369,0.5,5
"GZPARRRIMYPK","B7",-0.121750474431369,0.5,3
"GZPARRRIMYPK","B1",-0.121750474431369,0.5,7
"GZPARRRIMYPK","M8",-0.121750474431369,-0.5,3
"GZPARRRIMYPK","M3",-0.121750474431369,-0.5,3
"GZPARRRIMYPK","B4",-0.121750474431369,0.5,3
"GZPARRRIMYPK","B5",-0.121750474431369,0.5,7
"GZXUFAIPWUHK","M3",-0.121750474431369,-0.5,1
"GZXUFAIPWUHK","B5",-0.121750474431369,0.5,9
"GZXUFAIPWUHK","B1",-0.121750474431369,0.5,9
"GZXUFAIPWUHK","M5",-0.121750474431369,-0.5,1
"GZXUFAIPWUHK","M6",-0.121750474431369,-0.5,1
"GZXUFAIPWUHK","B6",-0.121750474431369,0.5,9
"GZXUFAIPWUHK","B8",-0.121750474431369,0.5,9
"GZXUFAIPWUHK","B2",-0.121750474431369,0.5,9
"GZXUFAIPWUHK","M1",-0.121750474431369,-0.5,1
"GZXUFAIPWUHK","M2",-0.121750474431369,-0.5,1
"GZXUFAIPWUHK","M4",-0.121750474431369,-0.5,1
"GZXUFAIPWUHK","B7",-0.121750474431369,0.5,9
"GZXUFAIPWUHK","M8",-0.121750474431369,-0.5,1
"GZXUFAIPWUHK","B4",-0.121750474431369,0.5,9
"GZXUFAIPWUHK","B3",-0.121750474431369,0.5,9
"GZXUFAIPWUHK","M7",-0.121750474431369,-0.5,1
"HANZBFVSSVOS","B1",-0.438164136795381,-0.5,4
"HANZBFVSSVOS","M2",-0.438164136795381,0.5,4
"HANZBFVSSVOS","M3",-0.438164136795381,0.5,4
"HANZBFVSSVOS","B3",-0.438164136795381,-0.5,4
"HANZBFVSSVOS","M8",-0.438164136795381,0.5,4
"HANZBFVSSVOS","M5",-0.438164136795381,0.5,4
"HANZBFVSSVOS","B4",-0.438164136795381,-0.5,4
"HANZBFVSSVOS","B7",-0.438164136795381,-0.5,4
"HANZBFVSSVOS","M4",-0.438164136795381,0.5,4
"HANZBFVSSVOS","B6",-0.438164136795381,-0.5,4
"HANZBFVSSVOS","M1",-0.438164136795381,0.5,4
"HANZBFVSSVOS","M6",-0.438164136795381,0.5,4
"HANZBFVSSVOS","M7",-0.438164136795381,0.5,4
"HANZBFVSSVOS","B5",-0.438164136795381,-0.5,4
"HANZBFVSSVOS","B8",-0.438164136795381,-0.5,4
"HANZBFVSSVOS","B2",-0.438164136795381,-0.5,4
"HBCVLUWCBQQQ","B7",0.0364563567506363,-0.5,4
"HBCVLUWCBQQQ","M1",0.0364563567506363,0.5,4
"HBCVLUWCBQQQ","B2",0.0364563567506363,-0.5,4
"HBCVLUWCBQQQ","M7",0.0364563567506363,0.5,4
"HBCVLUWCBQQQ","B4",0.0364563567506363,-0.5,5
"HBCVLUWCBQQQ","M3",0.0364563567506363,0.5,4
"HBCVLUWCBQQQ","M2",0.0364563567506363,0.5,4
"HBCVLUWCBQQQ","M5",0.0364563567506363,0.5,6
"HBCVLUWCBQQQ","B3",0.0364563567506363,-0.5,3
"HBCVLUWCBQQQ","B8",0.0364563567506363,-0.5,3
"HBCVLUWCBQQQ","B5",0.0364563567506363,-0.5,4
"HBCVLUWCBQQQ","M4",0.0364563567506363,0.5,6
"HBCVLUWCBQQQ","M6",0.0364563567506363,0.5,4
"HBCVLUWCBQQQ","B6",0.0364563567506363,-0.5,4
"HBCVLUWCBQQQ","M8",0.0364563567506363,0.5,4
"HBCVLUWCBQQQ","B1",0.0364563567506363,-0.5,4
"HEFHAUZRWXRM","M3",-0.754577799159392,-0.5,1
"HEFHAUZRWXRM","B3",-0.754577799159392,0.5,8
"HEFHAUZRWXRM","M1",-0.754577799159392,-0.5,1
"HEFHAUZRWXRM","B5",-0.754577799159392,0.5,8
"HEFHAUZRWXRM","M8",-0.754577799159392,-0.5,1
"HEFHAUZRWXRM","M6",-0.754577799159392,-0.5,1
"HEFHAUZRWXRM","B8",-0.754577799159392,0.5,2
"HEFHAUZRWXRM","M7",-0.754577799159392,-0.5,2
"HEFHAUZRWXRM","M5",-0.754577799159392,-0.5,1
"HEFHAUZRWXRM","B4",-0.754577799159392,0.5,8
"HEFHAUZRWXRM","B7",-0.754577799159392,0.5,8
"HEFHAUZRWXRM","M4",-0.754577799159392,-0.5,1
"HEFHAUZRWXRM","B6",-0.754577799159392,0.5,4
"HEFHAUZRWXRM","B1",-0.754577799159392,0.5,8
"HEFHAUZRWXRM","B2",-0.754577799159392,0.5,7
"HEFHAUZRWXRM","M2",-0.754577799159392,-0.5,3
"HHWQJIHGHECI","M7",-1.78292220184243,0.5,5
"HHWQJIHGHECI","M1",-1.78292220184243,0.5,5
"HHWQJIHGHECI","B2",-1.78292220184243,-0.5,5
"HHWQJIHGHECI","M3",-1.78292220184243,0.5,3
"HHWQJIHGHECI","B5",-1.78292220184243,-0.5,5
"HHWQJIHGHECI","M8",-1.78292220184243,0.5,3
"HHWQJIHGHECI","B1",-1.78292220184243,-0.5,3
"HHWQJIHGHECI","M4",-1.78292220184243,0.5,5
"HHWQJIHGHECI","M6",-1.78292220184243,0.5,5
"HHWQJIHGHECI","B8",-1.78292220184243,-0.5,5
"HHWQJIHGHECI","M5",-1.78292220184243,0.5,5
"HHWQJIHGHECI","M2",-1.78292220184243,0.5,5
"HHWQJIHGHECI","B4",-1.78292220184243,-0.5,5
"HHWQJIHGHECI","B7",-1.78292220184243,-0.5,5
"HHWQJIHGHECI","B3",-1.78292220184243,-0.5,5
"HHWQJIHGHECI","B6",-1.78292220184243,-0.5,5
"HLQAXOJXVXDP","M2",-0.596370967977386,0.5,7
"HLQAXOJXVXDP","B4",-0.596370967977386,-0.5,2
"HLQAXOJXVXDP","B3",-0.596370967977386,-0.5,2
"HLQAXOJXVXDP","B8",-0.596370967977386,-0.5,2
"HLQAXOJXVXDP","M8",-0.596370967977386,0.5,7
"HLQAXOJXVXDP","B5",-0.596370967977386,-0.5,2
"HLQAXOJXVXDP","M3",-0.596370967977386,0.5,7
"HLQAXOJXVXDP","B6",-0.596370967977386,-0.5,5
"HLQAXOJXVXDP","M5",-0.596370967977386,0.5,7
"HLQAXOJXVXDP","M7",-0.596370967977386,0.5,7
"HLQAXOJXVXDP","B2",-0.596370967977386,-0.5,2
"HLQAXOJXVXDP","B7",-0.596370967977386,-0.5,1
"HLQAXOJXVXDP","B1",-0.596370967977386,-0.5,1
"HLQAXOJXVXDP","M6",-0.596370967977386,0.5,6
"HLQAXOJXVXDP","M1",-0.596370967977386,0.5,6
"HLQAXOJXVXDP","M4",-0.596370967977386,0.5,6
"HTJYTNASYKPN","B5",0.748387097069662,0.5,5
"HTJYTNASYKPN","M2",0.748387097069662,-0.5,5
"HTJYTNASYKPN","B7",0.748387097069662,0.5,7
"HTJYTNASYKPN","B1",0.748387097069662,0.5,5
"HTJYTNASYKPN","B8",0.748387097069662,0.5,6
"HTJYTNASYKPN","M8",0.748387097069662,-0.5,2
"HTJYTNASYKPN","M7",0.748387097069662,-0.5,7
"HTJYTNASYKPN","M4",0.748387097069662,-0.5,7
"HTJYTNASYKPN","B3",0.748387097069662,0.5,4
"HTJYTNASYKPN","M5",0.748387097069662,-0.5,4
"HTJYTNASYKPN","M3",0.748387097069662,-0.5,3
"HTJYTNASYKPN","M1",0.748387097069662,-0.5,6
"HTJYTNASYKPN","M6",0.748387097069662,-0.5,5
"HTJYTNASYKPN","B6",0.748387097069662,0.5,4
"HTJYTNASYKPN","B4",0.748387097069662,0.5,6
"HTJYTNASYKPN","B2",0.748387097069662,0.5,8
"IMDICVFPHVZZ","M6",-0.596370967977386,0.5,4
"IMDICVFPHVZZ","B3",-0.596370967977386,-0.5,8
"IMDICVFPHVZZ","M7",-0.596370967977386,0.5,3
"IMDICVFPHVZZ","M8",-0.596370967977386,0.5,3
"IMDICVFPHVZZ","M3",-0.596370967977386,0.5,3
"IMDICVFPHVZZ","B7",-0.596370967977386,-0.5,8
"IMDICVFPHVZZ","B4",-0.596370967977386,-0.5,9
"IMDICVFPHVZZ","B6",-0.596370967977386,-0.5,8
"IMDICVFPHVZZ","B1",-0.596370967977386,-0.5,7
"IMDICVFPHVZZ","M2",-0.596370967977386,0.5,3
"IMDICVFPHVZZ","B5",-0.596370967977386,-0.5,3
"IMDICVFPHVZZ","B8",-0.596370967977386,-0.5,3
"IMDICVFPHVZZ","M4",-0.596370967977386,0.5,3
"IMDICVFPHVZZ","B2",-0.596370967977386,-0.5,8
"IMDICVFPHVZZ","M5",-0.596370967977386,0.5,3
"IMDICVFPHVZZ","M1",-0.596370967977386,0.5,3
"JJBDBMKZVYTF","B2",1.22300759061568,0.5,9
"JJBDBMKZVYTF","M4",1.22300759061568,-0.5,2
"JJBDBMKZVYTF","B6",1.22300759061568,0.5,9
"JJBDBMKZVYTF","M7",1.22300759061568,-0.5,2
"JJBDBMKZVYTF","B4",1.22300759061568,0.5,9
"JJBDBMKZVYTF","M3",1.22300759061568,-0.5,2
"JJBDBMKZVYTF","M2",1.22300759061568,-0.5,1
"JJBDBMKZVYTF","B1",1.22300759061568,0.5,9
"JJBDBMKZVYTF","M8",1.22300759061568,-0.5,2
"JJBDBMKZVYTF","M6",1.22300759061568,-0.5,2
"JJBDBMKZVYTF","B7",1.22300759061568,0.5,9
"JJBDBMKZVYTF","B3",1.22300759061568,0.5,9
"JJBDBMKZVYTF","M1",1.22300759061568,-0.5,2
"JJBDBMKZVYTF","M5",1.22300759061568,-0.5,1
"JJBDBMKZVYTF","B5",1.22300759061568,0.5,9
"JJBDBMKZVYTF","B8",1.22300759061568,0.5,9
"JNSZDAGIAQAP","M3",0.194663187932642,-0.5,5
"JNSZDAGIAQAP","B7",0.194663187932642,0.5,6
"JNSZDAGIAQAP","M1",0.194663187932642,-0.5,5
"JNSZDAGIAQAP","M2",0.194663187932642,-0.5,6
"JNSZDAGIAQAP","M5",0.194663187932642,-0.5,7
"JNSZDAGIAQAP","B4",0.194663187932642,0.5,6
"JNSZDAGIAQAP","B6",0.194663187932642,0.5,7
"JNSZDAGIAQAP","M6",0.194663187932642,-0.5,6
"JNSZDAGIAQAP","M4",0.194663187932642,-0.5,6
"JNSZDAGIAQAP","M8",0.194663187932642,-0.5,7
"JNSZDAGIAQAP","B2",0.194663187932642,0.5,7
"JNSZDAGIAQAP","M7",0.194663187932642,-0.5,8
"JNSZDAGIAQAP","B8",0.194663187932642,0.5,7
"JNSZDAGIAQAP","B3",0.194663187932642,0.5,7
"JNSZDAGIAQAP","B1",0.194663187932642,0.5,5
"JNSZDAGIAQAP","B5",0.194663187932642,0.5,5
"JOFSBSGUCIVJ","B8",-1.46650853947842,-0.5,7
"JOFSBSGUCIVJ","M4",-1.46650853947842,0.5,5
"JOFSBSGUCIVJ","B4",-1.46650853947842,-0.5,9
"JOFSBSGUCIVJ","M6",-1.46650853947842,0.5,5
"JOFSBSGUCIVJ","B7",-1.46650853947842,-0.5,3
"JOFSBSGUCIVJ","B3",-1.46650853947842,-0.5,4
"JOFSBSGUCIVJ","M3",-1.46650853947842,0.5,6
"JOFSBSGUCIVJ","M2",-1.46650853947842,0.5,6
"JOFSBSGUCIVJ","M5",-1.46650853947842,0.5,5
"JOFSBSGUCIVJ","B5",-1.46650853947842,-0.5,3
"JOFSBSGUCIVJ","M7",-1.46650853947842,0.5,4
"JOFSBSGUCIVJ","M1",-1.46650853947842,0.5,7
"JOFSBSGUCIVJ","B1",-1.46650853947842,-0.5,4
"JOFSBSGUCIVJ","M8",-1.46650853947842,0.5,5
"JOFSBSGUCIVJ","B6",-1.46650853947842,-0.5,4
"JOFSBSGUCIVJ","B2",-1.46650853947842,-0.5,4
"JQBSBNNFCVBV","M4",0.115559772341639,0.5,6
"JQBSBNNFCVBV","B6",0.115559772341639,-0.5,5
"JQBSBNNFCVBV","M7",0.115559772341639,0.5,6
"JQBSBNNFCVBV","B3",0.115559772341639,-0.5,5
"JQBSBNNFCVBV","B7",0.115559772341639,-0.5,5
"JQBSBNNFCVBV","B8",0.115559772341639,-0.5,5
"JQBSBNNFCVBV","M1",0.115559772341639,0.5,6
"JQBSBNNFCVBV","B1",0.115559772341639,-0.5,5
"JQBSBNNFCVBV","M2",0.115559772341639,0.5,6
"JQBSBNNFCVBV","M8",0.115559772341639,0.5,6
"JQBSBNNFCVBV","M6",0.115559772341639,0.5,6
"JQBSBNNFCVBV","B2",0.115559772341639,-0.5,5
"JQBSBNNFCVBV","M3",0.115559772341639,0.5,6
"JQBSBNNFCVBV","B5",0.115559772341639,-0.5,5
"JQBSBNNFCVBV","B4",0.115559772341639,-0.5,5
"JQBSBNNFCVBV","M5",0.115559772341639,0.5,6
"KERJMRKTXNYJ","M6",-0.675474383568389,0.5,8
"KERJMRKTXNYJ","B8",-0.675474383568389,-0.5,5
"KERJMRKTXNYJ","M3",-0.675474383568389,0.5,8
"KERJMRKTXNYJ","B2",-0.675474383568389,-0.5,5
"KERJMRKTXNYJ","B4",-0.675474383568389,-0.5,4
"KERJMRKTXNYJ","B1",-0.675474383568389,-0.5,5
"KERJMRKTXNYJ","B6",-0.675474383568389,-0.5,5
"KERJMRKTXNYJ","B5",-0.675474383568389,-0.5,5
"KERJMRKTXNYJ","M7",-0.675474383568389,0.5,8
"KERJMRKTXNYJ","M5",-0.675474383568389,0.5,8
"KERJMRKTXNYJ","M4",-0.675474383568389,0.5,8
"KERJMRKTXNYJ","M8",-0.675474383568389,0.5,8
"KERJMRKTXNYJ","B7",-0.675474383568389,-0.5,5
"KERJMRKTXNYJ","M1",-0.675474383568389,0.5,8
"KERJMRKTXNYJ","B3",-0.675474383568389,-0.5,4
"KERJMRKTXNYJ","M2",-0.675474383568389,0.5,8
"KMYGHGPJFZJJ","M5",-0.359060721204378,0.5,8
"KMYGHGPJFZJJ","B6",-0.359060721204378,-0.5,1
"KMYGHGPJFZJJ","M7",-0.359060721204378,0.5,9
"KMYGHGPJFZJJ","B4",-0.359060721204378,-0.5,1
"KMYGHGPJFZJJ","B1",-0.359060721204378,-0.5,1
"KMYGHGPJFZJJ","M4",-0.359060721204378,0.5,9
"KMYGHGPJFZJJ","M8",-0.359060721204378,0.5,9
"KMYGHGPJFZJJ","B2",-0.359060721204378,-0.5,1
"KMYGHGPJFZJJ","M3",-0.359060721204378,0.5,9
"KMYGHGPJFZJJ","M6",-0.359060721204378,0.5,9
"KMYGHGPJFZJJ","M1",-0.359060721204378,0.5,9
"KMYGHGPJFZJJ","B3",-0.359060721204378,-0.5,1
"KMYGHGPJFZJJ","B5",-0.359060721204378,-0.5,1
"KMYGHGPJFZJJ","M2",-0.359060721204378,0.5,9
"KMYGHGPJFZJJ","B8",-0.359060721204378,-0.5,1
"KMYGHGPJFZJJ","B7",-0.359060721204378,-0.5,1
"KOXGFFFFNXJT","B6",-1.0709914615234,0.5,9
"KOXGFFFFNXJT","M2",-1.0709914615234,-0.5,3
"KOXGFFFFNXJT","B5",-1.0709914615234,0.5,9
"KOXGFFFFNXJT","M5",-1.0709914615234,-0.5,3
"KOXGFFFFNXJT","M7",-1.0709914615234,-0.5,3
"KOXGFFFFNXJT","B1",-1.0709914615234,0.5,9
"KOXGFFFFNXJT","B3",-1.0709914615234,0.5,9
"KOXGFFFFNXJT","M8",-1.0709914615234,-0.5,3
"KOXGFFFFNXJT","B4",-1.0709914615234,0.5,9
"KOXGFFFFNXJT","B8",-1.0709914615234,0.5,9
"KOXGFFFFNXJT","M3",-1.0709914615234,-0.5,3
"KOXGFFFFNXJT","M1",-1.0709914615234,-0.5,3
"KOXGFFFFNXJT","M4",-1.0709914615234,-0.5,3
"KOXGFFFFNXJT","B2",-1.0709914615234,0.5,8
"KOXGFFFFNXJT","B7",-1.0709914615234,0.5,8
"KOXGFFFFNXJT","M6",-1.0709914615234,-0.5,3
"KQCVTTEMIMZZ","M5",0.273766603523645,-0.5,3
"KQCVTTEMIMZZ","M1",0.273766603523645,-0.5,3
"KQCVTTEMIMZZ","B5",0.273766603523645,0.5,6
"KQCVTTEMIMZZ","B8",0.273766603523645,0.5,4
"KQCVTTEMIMZZ","B7",0.273766603523645,0.5,6
"KQCVTTEMIMZZ","M8",0.273766603523645,-0.5,3
"KQCVTTEMIMZZ","B2",0.273766603523645,0.5,5
"KQCVTTEMIMZZ","M6",0.273766603523645,-0.5,4
"KQCVTTEMIMZZ","M2",0.273766603523645,-0.5,4
"KQCVTTEMIMZZ","B4",0.273766603523645,0.5,5
"KQCVTTEMIMZZ","B3",0.273766603523645,0.5,5
"KQCVTTEMIMZZ","M7",0.273766603523645,-0.5,3
"KQCVTTEMIMZZ","B1",0.273766603523645,0.5,5
"KQCVTTEMIMZZ","B6",0.273766603523645,0.5,5
"KQCVTTEMIMZZ","M4",0.273766603523645,-0.5,3
"KQCVTTEMIMZZ","M3",0.273766603523645,-0.5,3
"KRQQJRRWXWHE","M7",0.0364563567506363,0.5,7
"KRQQJRRWXWHE","B6",0.0364563567506363,-0.5,3
"KRQQJRRWXWHE","B3",0.0364563567506363,-0.5,1
"KRQQJRRWXWHE","B8",0.0364563567506363,-0.5,2
"KRQQJRRWXWHE","B7",0.0364563567506363,-0.5,1
"KRQQJRRWXWHE","M1",0.0364563567506363,0.5,7
"KRQQJRRWXWHE","B4",0.0364563567506363,-0.5,1
"KRQQJRRWXWHE","B1",0.0364563567506363,-0.5,1
"KRQQJRRWXWHE","M6",0.0364563567506363,0.5,5
"KRQQJRRWXWHE","M2",0.0364563567506363,0.5,7
"KRQQJRRWXWHE","B5",0.0364563567506363,-0.5,2
"KRQQJRRWXWHE","M4",0.0364563567506363,0.5,7
"KRQQJRRWXWHE","B2",0.0364563567506363,-0.5,1
"KRQQJRRWXWHE","M5",0.0364563567506363,0.5,4
"KRQQJRRWXWHE","M3",0.0364563567506363,0.5,7
"KRQQJRRWXWHE","M8",0.0364563567506363,0.5,6
"KTGFPNZEBLVL","B3",0.669283681478659,-0.5,1
"KTGFPNZEBLVL","B1",0.669283681478659,-0.5,1
"KTGFPNZEBLVL","B4",0.669283681478659,-0.5,1
"KTGFPNZEBLVL","B8",0.669283681478659,-0.5,1
"KTGFPNZEBLVL","M2",0.669283681478659,0.5,6
"KTGFPNZEBLVL","M8",0.669283681478659,0.5,6
"KTGFPNZEBLVL","M7",0.669283681478659,0.5,8
"KTGFPNZEBLVL","M1",0.669283681478659,0.5,8
"KTGFPNZEBLVL","M3",0.669283681478659,0.5,8
"KTGFPNZEBLVL","B5",0.669283681478659,-0.5,8
"KTGFPNZEBLVL","B6",0.669283681478659,-0.5,1
"KTGFPNZEBLVL","B2",0.669283681478659,-0.5,1
"KTGFPNZEBLVL","M5",0.669283681478659,0.5,8
"KTGFPNZEBLVL","M4",0.669283681478659,0.5,8
"KTGFPNZEBLVL","M6",0.669283681478659,0.5,8
"KTGFPNZEBLVL","B7",0.669283681478659,-0.5,1
"KWBRUCGYKHIT","M7",-0.675474383568389,0.5,9
"KWBRUCGYKHIT","M1",-0.675474383568389,0.5,9
"KWBRUCGYKHIT","M8",-0.675474383568389,0.5,9
"KWBRUCGYKHIT","M4",-0.675474383568389,0.5,9
"KWBRUCGYKHIT","B4",-0.675474383568389,-0.5,1
"KWBRUCGYKHIT","B5",-0.675474383568389,-0.5,1
"KWBRUCGYKHIT","B3",-0.675474383568389,-0.5,1
"KWBRUCGYKHIT","B1",-0.675474383568389,-0.5,1
"KWBRUCGYKHIT","M3",-0.675474383568389,0.5,1
"KWBRUCGYKHIT","B6",-0.675474383568389,-0.5,1
"KWBRUCGYKHIT","M2",-0.675474383568389,0.5,9
"KWBRUCGYKHIT","B8",-0.675474383568389,-0.5,1
"KWBRUCGYKHIT","B7",-0.675474383568389,-0.5,1
"KWBRUCGYKHIT","M6",-0.675474383568389,0.5,8
"KWBRUCGYKHIT","B2",-0.675474383568389,-0.5,1
"KWBRUCGYKHIT","M5",-0.675474383568389,0.5,8
"KZTEGKINJJPK","M1",-1.30830170829641,0.5,6
"KZTEGKINJJPK","B4",-1.30830170829641,-0.5,6
"KZTEGKINJJPK","B2",-1.30830170829641,-0.5,5
"KZTEGKINJJPK","M5",-1.30830170829641,0.5,7
"KZTEGKINJJPK","M8",-1.30830170829641,0.5,7
"KZTEGKINJJPK","B8",-1.30830170829641,-0.5,7
"KZTEGKINJJPK","M7",-1.30830170829641,0.5,7
"KZTEGKINJJPK","M6",-1.30830170829641,0.5,7
"KZTEGKINJJPK","B1",-1.30830170829641,-0.5,7
"KZTEGKINJJPK","B5",-1.30830170829641,-0.5,6
"KZTEGKINJJPK","B6",-1.30830170829641,-0.5,6
"KZTEGKINJJPK","B7",-1.30830170829641,-0.5,7
"KZTEGKINJJPK","B3",-1.30830170829641,-0.5,7
"KZTEGKINJJPK","M4",-1.30830170829641,0.5,5
"KZTEGKINJJPK","M3",-1.30830170829641,0.5,7
"KZTEGKINJJPK","M2",-1.30830170829641,0.5,7
"LHFKCUUWSIKR","M7",1.06480075943367,0.5,7
"LHFKCUUWSIKR","B7",1.06480075943367,-0.5,2
"LHFKCUUWSIKR","B3",1.06480075943367,-0.5,2
"LHFKCUUWSIKR","M2",1.06480075943367,0.5,7
"LHFKCUUWSIKR","B4",1.06480075943367,-0.5,7
"LHFKCUUWSIKR","M8",1.06480075943367,0.5,7
"LHFKCUUWSIKR","B5",1.06480075943367,-0.5,2
"LHFKCUUWSIKR","B8",1.06480075943367,-0.5,8
"LHFKCUUWSIKR","M3",1.06480075943367,0.5,8
"LHFKCUUWSIKR","B1",1.06480075943367,-0.5,2
"LHFKCUUWSIKR","M6",1.06480075943367,0.5,8
"LHFKCUUWSIKR","M5",1.06480075943367,0.5,8
"LHFKCUUWSIKR","B6",1.06480075943367,-0.5,8
"LHFKCUUWSIKR","M1",1.06480075943367,0.5,8
"LHFKCUUWSIKR","M4",1.06480075943367,0.5,8
"LHFKCUUWSIKR","B2",1.06480075943367,-0.5,2
"LIEEDONOETSX","B4",0.669283681478659,-0.5,8
"LIEEDONOETSX","B1",0.669283681478659,-0.5,7
"LIEEDONOETSX","M8",0.669283681478659,0.5,7
"LIEEDONOETSX","B3",0.669283681478659,-0.5,8
"LIEEDONOETSX","M6",0.669283681478659,0.5,7
"LIEEDONOETSX","M5",0.669283681478659,0.5,7
"LIEEDONOETSX","B6",0.669283681478659,-0.5,8
"LIEEDONOETSX","M4",0.669283681478659,0.5,7
"LIEEDONOETSX","B8",0.669283681478659,-0.5,8
"LIEEDONOETSX","M3",0.669283681478659,0.5,7
"LIEEDONOETSX","B7",0.669283681478659,-0.5,8
"LIEEDONOETSX","M2",0.669283681478659,0.5,7
"LIEEDONOETSX","M1",0.669283681478659,0.5,7
"LIEEDONOETSX","B5",0.669283681478659,-0.5,8
"LIEEDONOETSX","B2",0.669283681478659,-0.5,8
"LIEEDONOETSX","M7",0.669283681478659,0.5,7
"MGODXDMSCUVJ","B6",-0.438164136795381,0.5,7
"MGODXDMSCUVJ","M3",-0.438164136795381,-0.5,2
"MGODXDMSCUVJ","B7",-0.438164136795381,0.5,5
"MGODXDMSCUVJ","M8",-0.438164136795381,-0.5,5
"MGODXDMSCUVJ","M7",-0.438164136795381,-0.5,5
"MGODXDMSCUVJ","B2",-0.438164136795381,0.5,6
"MGODXDMSCUVJ","M1",-0.438164136795381,-0.5,4
"MGODXDMSCUVJ","M4",-0.438164136795381,-0.5,5
"MGODXDMSCUVJ","M6",-0.438164136795381,-0.5,4
"MGODXDMSCUVJ","B1",-0.438164136795381,0.5,6
"MGODXDMSCUVJ","M2",-0.438164136795381,-0.5,6
"MGODXDMSCUVJ","B8",-0.438164136795381,0.5,5
"MGODXDMSCUVJ","B5",-0.438164136795381,0.5,5
"MGODXDMSCUVJ","B3",-0.438164136795381,0.5,5
"MGODXDMSCUVJ","B4",-0.438164136795381,0.5,5
"MGODXDMSCUVJ","M5",-0.438164136795381,-0.5,4
"MHCQYTQQNRNZ","B5",-0.9918880459324,-0.5,8
"MHCQYTQQNRNZ","M7",-0.9918880459324,0.5,7
"MHCQYTQQNRNZ","M1",-0.9918880459324,0.5,4
"MHCQYTQQNRNZ","B7",-0.9918880459324,-0.5,4
"MHCQYTQQNRNZ","B6",-0.9918880459324,-0.5,5
"MHCQYTQQNRNZ","M3",-0.9918880459324,0.5,5
"MHCQYTQQNRNZ","M8",-0.9918880459324,0.5,4
"MHCQYTQQNRNZ","M5",-0.9918880459324,0.5,5
"MHCQYTQQNRNZ","M4",-0.9918880459324,0.5,4
"MHCQYTQQNRNZ","B3",-0.9918880459324,-0.5,4
"MHCQYTQQNRNZ","M6",-0.9918880459324,0.5,5
"MHCQYTQQNRNZ","B2",-0.9918880459324,-0.5,4
"MHCQYTQQNRNZ","B8",-0.9918880459324,-0.5,9
"MHCQYTQQNRNZ","M2",-0.9918880459324,0.5,4
"MHCQYTQQNRNZ","B4",-0.9918880459324,-0.5,5
"MHCQYTQQNRNZ","B1",-0.9918880459324,-0.5,4
"MHJELJYZMKTW","B5",-0.912784630341397,-0.5,5
"MHJELJYZMKTW","B6",-0.912784630341397,-0.5,5
"MHJELJYZMKTW","B3",-0.912784630341397,-0.5,1
"MHJELJYZMKTW","M8",-0.912784630341397,0.5,5
"MHJELJYZMKTW","M4",-0.912784630341397,0.5,6
"MHJELJYZMKTW","M5",-0.912784630341397,0.5,4
"MHJELJYZMKTW","M1",-0.912784630341397,0.5,3
"MHJELJYZMKTW","M2",-0.912784630341397,0.5,3
"MHJELJYZMKTW","B4",-0.912784630341397,-0.5,3
"MHJELJYZMKTW","B1",-0.912784630341397,-0.5,1
"MHJELJYZMKTW","M7",-0.912784630341397,0.5,1
"MHJELJYZMKTW","M3",-0.912784630341397,0.5,4
"MHJELJYZMKTW","B2",-0.912784630341397,-0.5,1
"MHJELJYZMKTW","B7",-0.912784630341397,-0.5,1
"MHJELJYZMKTW","B8",-0.912784630341397,-0.5,2
"MHJELJYZMKTW","M6",-0.912784630341397,0.5,1
"MKPROCFQVRZN","B4",0.511076850296653,0.5,6
"MKPROCFQVRZN","M5",0.511076850296653,-0.5,2
"MKPROCFQVRZN","B1",0.511076850296653,0.5,6
"MKPROCFQVRZN","B6",0.511076850296653,0.5,7
"MKPROCFQVRZN","B5",0.511076850296653,0.5,7
"MKPROCFQVRZN","M7",0.511076850296653,-0.5,4
"MKPROCFQVRZN","M1",0.511076850296653,-0.5,4
"MKPROCFQVRZN","B2",0.511076850296653,0.5,6
"MKPROCFQVRZN","M2",0.511076850296653,-0.5,4
"MKPROCFQVRZN","B3",0.511076850296653,0.5,6
"MKPROCFQVRZN","M6",0.511076850296653,-0.5,4
"MKPROCFQVRZN","M3",0.511076850296653,-0.5,4
"MKPROCFQVRZN","B8",0.511076850296653,0.5,7
"MKPROCFQVRZN","M8",0.511076850296653,-0.5,4
"MKPROCFQVRZN","B7",0.511076850296653,0.5,6
"MKPROCFQVRZN","M4",0.511076850296653,-0.5,4
"MRTCXUSNLHOB","B3",-1.22919829270541,0.5,5
"MRTCXUSNLHOB","B6",-1.22919829270541,0.5,5
"MRTCXUSNLHOB","B8",-1.22919829270541,0.5,4
"MRTCXUSNLHOB","M3",-1.22919829270541,-0.5,5
"MRTCXUSNLHOB","M7",-1.22919829270541,-0.5,5
"MRTCXUSNLHOB","M4",-1.22919829270541,-0.5,5
"MRTCXUSNLHOB","M8",-1.22919829270541,-0.5,5
"MRTCXUSNLHOB","M5",-1.22919829270541,-0.5,5
"MRTCXUSNLHOB","M1",-1.22919829270541,-0.5,5
"MRTCXUSNLHOB","B1",-1.22919829270541,0.5,4
"MRTCXUSNLHOB","B2",-1.22919829270541,0.5,3
"MRTCXUSNLHOB","B4",-1.22919829270541,0.5,4
"MRTCXUSNLHOB","M2",-1.22919829270541,-0.5,5
"MRTCXUSNLHOB","M6",-1.22919829270541,-0.5,4
"MRTCXUSNLHOB","B5",-1.22919829270541,0.5,3
"MRTCXUSNLHOB","B7",-1.22919829270541,0.5,2
"MULEVBOEYKHS","B5",0.352870019114647,0.5,6
"MULEVBOEYKHS","M2",0.352870019114647,-0.5,6
"MULEVBOEYKHS","M7",0.352870019114647,-0.5,6
"MULEVBOEYKHS","M3",0.352870019114647,-0.5,4
"MULEVBOEYKHS","M6",0.352870019114647,-0.5,4
"MULEVBOEYKHS","M1",0.352870019114647,-0.5,4
"MULEVBOEYKHS","B1",0.352870019114647,0.5,4
"MULEVBOEYKHS","B3",0.352870019114647,0.5,4
"MULEVBOEYKHS","B4",0.352870019114647,0.5,4
"MULEVBOEYKHS","B8",0.352870019114647,0.5,5
"MULEVBOEYKHS","B2",0.352870019114647,0.5,5
"MULEVBOEYKHS","M5",0.352870019114647,-0.5,4
"MULEVBOEYKHS","M4",0.352870019114647,-0.5,4
"MULEVBOEYKHS","B6",0.352870019114647,0.5,4
"MULEVBOEYKHS","B7",0.352870019114647,0.5,4
"MULEVBOEYKHS","M8",0.352870019114647,-0.5,4
"MULIAYXAKPRC","M6",-1.0709914615234,-0.5,1
"MULIAYXAKPRC","M7",-1.0709914615234,-0.5,1
"MULIAYXAKPRC","B4",-1.0709914615234,0.5,9
"MULIAYXAKPRC","B8",-1.0709914615234,0.5,9
"MULIAYXAKPRC","B1",-1.0709914615234,0.5,9
"MULIAYXAKPRC","M4",-1.0709914615234,-0.5,1
"MULIAYXAKPRC","M8",-1.0709914615234,-0.5,1
"MULIAYXAKPRC","B3",-1.0709914615234,0.5,9
"MULIAYXAKPRC","M3",-1.0709914615234,-0.5,1
"MULIAYXAKPRC","M5",-1.0709914615234,-0.5,1
"MULIAYXAKPRC","B6",-1.0709914615234,0.5,9
"MULIAYXAKPRC","B7",-1.0709914615234,0.5,9
"MULIAYXAKPRC","M2",-1.0709914615234,-0.5,1
"MULIAYXAKPRC","B5",-1.0709914615234,0.5,9
"MULIAYXAKPRC","B2",-1.0709914615234,0.5,9
"MULIAYXAKPRC","M1",-1.0709914615234,-0.5,9
"MWRHSBPCKPCY","M7",3.27969639598175,-0.5,5
"MWRHSBPCKPCY","M5",3.27969639598175,-0.5,1
"MWRHSBPCKPCY","M6",3.27969639598175,-0.5,5
"MWRHSBPCKPCY","B5",3.27969639598175,0.5,9
"MWRHSBPCKPCY","B3",3.27969639598175,0.5,9
"MWRHSBPCKPCY","M3",3.27969639598175,-0.5,3
"MWRHSBPCKPCY","M1",3.27969639598175,-0.5,1
"MWRHSBPCKPCY","B1",3.27969639598175,0.5,9
"MWRHSBPCKPCY","M2",3.27969639598175,-0.5,3
"MWRHSBPCKPCY","B2",3.27969639598175,0.5,9
"MWRHSBPCKPCY","B4",3.27969639598175,0.5,9
"MWRHSBPCKPCY","M8",3.27969639598175,-0.5,1
"MWRHSBPCKPCY","M4",3.27969639598175,-0.5,3
"MWRHSBPCKPCY","B6",3.27969639598175,0.5,7
"MWRHSBPCKPCY","B8",3.27969639598175,0.5,9
"MWRHSBPCKPCY","B7",3.27969639598175,0.5,9
"MXNBIVVVOTRI","M4",-2.02023244861544,0.5,4
"MXNBIVVVOTRI","M3",-2.02023244861544,0.5,4
"MXNBIVVVOTRI","M2",-2.02023244861544,0.5,4
"MXNBIVVVOTRI","B3",-2.02023244861544,-0.5,5
"MXNBIVVVOTRI","B2",-2.02023244861544,-0.5,5
"MXNBIVVVOTRI","B6",-2.02023244861544,-0.5,4
"MXNBIVVVOTRI","M1",-2.02023244861544,0.5,4
"MXNBIVVVOTRI","B5",-2.02023244861544,-0.5,5
"MXNBIVVVOTRI","M8",-2.02023244861544,0.5,5
"MXNBIVVVOTRI","M5",-2.02023244861544,0.5,5
"MXNBIVVVOTRI","B1",-2.02023244861544,-0.5,5
"MXNBIVVVOTRI","M7",-2.02023244861544,0.5,4
"MXNBIVVVOTRI","B7",-2.02023244861544,-0.5,5
"MXNBIVVVOTRI","M6",-2.02023244861544,0.5,4
"MXNBIVVVOTRI","B4",-2.02023244861544,-0.5,4
"MXNBIVVVOTRI","B8",-2.02023244861544,-0.5,4
"MXUAQRWXTMVS","M2",0.43197343470565,0.5,7
"MXUAQRWXTMVS","M4",0.43197343470565,0.5,7
"MXUAQRWXTMVS","B6",0.43197343470565,-0.5,5
"MXUAQRWXTMVS","M1",0.43197343470565,0.5,7
"MXUAQRWXTMVS","M6",0.43197343470565,0.5,7
"MXUAQRWXTMVS","M7",0.43197343470565,0.5,7
"MXUAQRWXTMVS","B5",0.43197343470565,-0.5,5
"MXUAQRWXTMVS","M8",0.43197343470565,0.5,6
"MXUAQRWXTMVS","B8",0.43197343470565,-0.5,5
"MXUAQRWXTMVS","B1",0.43197343470565,-0.5,5
"MXUAQRWXTMVS","M5",0.43197343470565,0.5,8
"MXUAQRWXTMVS","B7",0.43197343470565,-0.5,5
"MXUAQRWXTMVS","M3",0.43197343470565,0.5,6
"MXUAQRWXTMVS","B2",0.43197343470565,-0.5,5
"MXUAQRWXTMVS","B3",0.43197343470565,-0.5,4
"MXUAQRWXTMVS","B4",0.43197343470565,-0.5,5
"NAHXNNXEQAEP","B3",0.273766603523645,-0.5,2
"NAHXNNXEQAEP","B5",0.273766603523645,-0.5,2
"NAHXNNXEQAEP","B1",0.273766603523645,-0.5,2
"NAHXNNXEQAEP","M6",0.273766603523645,0.5,8
"NAHXNNXEQAEP","B2",0.273766603523645,-0.5,2
"NAHXNNXEQAEP","M1",0.273766603523645,0.5,8
"NAHXNNXEQAEP","B8",0.273766603523645,-0.5,2
"NAHXNNXEQAEP","M5",0.273766603523645,0.5,8
"NAHXNNXEQAEP","B6",0.273766603523645,-0.5,2
"NAHXNNXEQAEP","M8",0.273766603523645,0.5,5
"NAHXNNXEQAEP","B4",0.273766603523645,-0.5,2
"NAHXNNXEQAEP","M7",0.273766603523645,0.5,8
"NAHXNNXEQAEP","M2",0.273766603523645,0.5,8
"NAHXNNXEQAEP","M3",0.273766603523645,0.5,8
"NAHXNNXEQAEP","B7",0.273766603523645,-0.5,2
"NAHXNNXEQAEP","M4",0.273766603523645,0.5,8
"NKVBFYZTSJOD","M1",-0.675474383568389,-0.5,1
"NKVBFYZTSJOD","B4",-0.675474383568389,0.5,9
"NKVBFYZTSJOD","M3",-0.675474383568389,-0.5,1
"NKVBFYZTSJOD","M8",-0.675474383568389,-0.5,1
"NKVBFYZTSJOD","B7",-0.675474383568389,0.5,9
"NKVBFYZTSJOD","M2",-0.675474383568389,-0.5,1
"NKVBFYZTSJOD","M7",-0.675474383568389,-0.5,1
"NKVBFYZTSJOD","B6",-0.675474383568389,0.5,9
"NKVBFYZTSJOD","B5",-0.675474383568389,0.5,9
"NKVBFYZTSJOD","B8",-0.675474383568389,0.5,9
"NKVBFYZTSJOD","B1",-0.675474383568389,0.5,9
"NKVBFYZTSJOD","B2",-0.675474383568389,0.5,9
"NKVBFYZTSJOD","B3",-0.675474383568389,0.5,9
"NKVBFYZTSJOD","M4",-0.675474383568389,-0.5,1
"NKVBFYZTSJOD","M6",-0.675474383568389,-0.5,1
"NKVBFYZTSJOD","M5",-0.675474383568389,-0.5,1
"NNUQRIQHKCCN","B8",0.827490512660664,0.5,4
"NNUQRIQHKCCN","B6",0.827490512660664,0.5,4
"NNUQRIQHKCCN","M2",0.827490512660664,-0.5,4
"NNUQRIQHKCCN","M1",0.827490512660664,-0.5,4
"NNUQRIQHKCCN","B1",0.827490512660664,0.5,9
"NNUQRIQHKCCN","B7",0.827490512660664,0.5,9
"NNUQRIQHKCCN","M4",0.827490512660664,-0.5,2
"NNUQRIQHKCCN","B4",0.827490512660664,0.5,9
"NNUQRIQHKCCN","M5",0.827490512660664,-0.5,2
"NNUQRIQHKCCN","M6",0.827490512660664,-0.5,3
"NNUQRIQHKCCN","B5",0.827490512660664,0.5,9
"NNUQRIQHKCCN","B3",0.827490512660664,0.5,9
"NNUQRIQHKCCN","M8",0.827490512660664,-0.5,3
"NNUQRIQHKCCN","B2",0.827490512660664,0.5,9
"NNUQRIQHKCCN","M7",0.827490512660664,-0.5,3
"NNUQRIQHKCCN","M3",0.827490512660664,-0.5,3
"NOQFQQLGOSNI","M5",1.22300759061568,0.5,5
"NOQFQQLGOSNI","M4",1.22300759061568,0.5,8
"NOQFQQLGOSNI","B7",1.22300759061568,-0.5,5
"NOQFQQLGOSNI","B2",1.22300759061568,-0.5,4
"NOQFQQLGOSNI","M1",1.22300759061568,0.5,7
"NOQFQQLGOSNI","B1",1.22300759061568,-0.5,3
"NOQFQQLGOSNI","M3",1.22300759061568,0.5,7
"NOQFQQLGOSNI","B5",1.22300759061568,-0.5,4
"NOQFQQLGOSNI","B4",1.22300759061568,-0.5,3
"NOQFQQLGOSNI","M6",1.22300759061568,0.5,7
"NOQFQQLGOSNI","M2",1.22300759061568,0.5,5
"NOQFQQLGOSNI","B8",1.22300759061568,-0.5,5
"NOQFQQLGOSNI","B6",1.22300759061568,-0.5,4
"NOQFQQLGOSNI","B3",1.22300759061568,-0.5,7
"NOQFQQLGOSNI","M8",1.22300759061568,0.5,6
"NOQFQQLGOSNI","M7",1.22300759061568,0.5,6
"NQFJDVJZDYVC","M8",1.53942125297969,0.5,5
"NQFJDVJZDYVC","B1",1.53942125297969,-0.5,5
"NQFJDVJZDYVC","B6",1.53942125297969,-0.5,5
"NQFJDVJZDYVC","M5",1.53942125297969,0.5,5
"NQFJDVJZDYVC","B2",1.53942125297969,-0.5,5
"NQFJDVJZDYVC","B4",1.53942125297969,-0.5,5
"NQFJDVJZDYVC","M2",1.53942125297969,0.5,5
"NQFJDVJZDYVC","M4",1.53942125297969,0.5,5
"NQFJDVJZDYVC","B8",1.53942125297969,-0.5,5
"NQFJDVJZDYVC","B3",1.53942125297969,-0.5,5
"NQFJDVJZDYVC","M7",1.53942125297969,0.5,5
"NQFJDVJZDYVC","M3",1.53942125297969,0.5,5
"NQFJDVJZDYVC","M6",1.53942125297969,0.5,5
"NQFJDVJZDYVC","B5",1.53942125297969,-0.5,5
"NQFJDVJZDYVC","M1",1.53942125297969,0.5,5
"NQFJDVJZDYVC","B7",1.53942125297969,-0.5,5
"NSWBTBITINMI","M7",-2.09933586420644,-0.5,4
"NSWBTBITINMI","M1",-2.09933586420644,-0.5,6
"NSWBTBITINMI","B1",-2.09933586420644,0.5,3
"NSWBTBITINMI","M6",-2.09933586420644,-0.5,3
"NSWBTBITINMI","M5",-2.09933586420644,-0.5,4
"NSWBTBITINMI","M4",-2.09933586420644,-0.5,4
"NSWBTBITINMI","B7",-2.09933586420644,0.5,2
"NSWBTBITINMI","B4",-2.09933586420644,0.5,2
"NSWBTBITINMI","M3",-2.09933586420644,-0.5,6
"NSWBTBITINMI","B5",-2.09933586420644,0.5,3
"NSWBTBITINMI","B3",-2.09933586420644,0.5,3
"NSWBTBITINMI","M2",-2.09933586420644,-0.5,3
"NSWBTBITINMI","B8",-2.09933586420644,0.5,4
"NSWBTBITINMI","B6",-2.09933586420644,0.5,4
"NSWBTBITINMI","M8",-2.09933586420644,-0.5,4
"NSWBTBITINMI","B2",-2.09933586420644,0.5,3
"OASERNZRINPA","M4",0.115559772341639,0.5,9
"OASERNZRINPA","M2",0.115559772341639,0.5,6
"OASERNZRINPA","B1",0.115559772341639,-0.5,1
"OASERNZRINPA","M3",0.115559772341639,0.5,9
"OASERNZRINPA","B4",0.115559772341639,-0.5,1
"OASERNZRINPA","M7",0.115559772341639,0.5,9
"OASERNZRINPA","B6",0.115559772341639,-0.5,1
"OASERNZRINPA","M5",0.115559772341639,0.5,9
"OASERNZRINPA","M1",0.115559772341639,0.5,9
"OASERNZRINPA","B2",0.115559772341639,-0.5,1
"OASERNZRINPA","B8",0.115559772341639,-0.5,1
"OASERNZRINPA","B5",0.115559772341639,-0.5,1
"OASERNZRINPA","M6",0.115559772341639,0.5,8
"OASERNZRINPA","B3",0.115559772341639,-0.5,1
"OASERNZRINPA","M8",0.115559772341639,0.5,5
"OASERNZRINPA","B7",0.115559772341639,-0.5,1
"OMGAMRGVSYLZ","M3",0.827490512660664,0.5,9
"OMGAMRGVSYLZ","M1",0.827490512660664,0.5,9
"OMGAMRGVSYLZ","B4",0.827490512660664,-0.5,1
"OMGAMRGVSYLZ","B3",0.827490512660664,-0.5,1
"OMGAMRGVSYLZ","M7",0.827490512660664,0.5,9
"OMGAMRGVSYLZ","B2",0.827490512660664,-0.5,1
"OMGAMRGVSYLZ","M6",0.827490512660664,0.5,9
"OMGAMRGVSYLZ","B1",0.827490512660664,-0.5,1
"OMGAMRGVSYLZ","B5",0.827490512660664,-0.5,1
"OMGAMRGVSYLZ","M4",0.827490512660664,0.5,9
"OMGAMRGVSYLZ","B8",0.827490512660664,-0.5,1
"OMGAMRGVSYLZ","B6",0.827490512660664,-0.5,1
"OMGAMRGVSYLZ","M8",0.827490512660664,0.5,9
"OMGAMRGVSYLZ","M5",0.827490512660664,0.5,9
"OMGAMRGVSYLZ","M2",0.827490512660664,0.5,9
"OMGAMRGVSYLZ","B7",0.827490512660664,-0.5,1
"ORYGZPJCNMIP","M1",0.827490512660664,0.5,9
"ORYGZPJCNMIP","B5",0.827490512660664,-0.5,1
"ORYGZPJCNMIP","B2",0.827490512660664,-0.5,1
"ORYGZPJCNMIP","B8",0.827490512660664,-0.5,1
"ORYGZPJCNMIP","M5",0.827490512660664,0.5,9
"ORYGZPJCNMIP","B3",0.827490512660664,-0.5,1
"ORYGZPJCNMIP","B7",0.827490512660664,-0.5,1
"ORYGZPJCNMIP","B4",0.827490512660664,-0.5,1
"ORYGZPJCNMIP","M2",0.827490512660664,0.5,9
"ORYGZPJCNMIP","M7",0.827490512660664,0.5,9
"ORYGZPJCNMIP","M3",0.827490512660664,0.5,9
"ORYGZPJCNMIP","M4",0.827490512660664,0.5,9
"ORYGZPJCNMIP","B1",0.827490512660664,-0.5,1
"ORYGZPJCNMIP","B6",0.827490512660664,-0.5,1
"ORYGZPJCNMIP","M8",0.827490512660664,0.5,9
"ORYGZPJCNMIP","M6",0.827490512660664,0.5,9
"PDBDOKYUESOX","B4",-0.359060721204378,0.5,4
"PDBDOKYUESOX","B2",-0.359060721204378,0.5,3
"PDBDOKYUESOX","B8",-0.359060721204378,0.5,5
"PDBDOKYUESOX","B5",-0.359060721204378,0.5,4
"PDBDOKYUESOX","B6",-0.359060721204378,0.5,5
"PDBDOKYUESOX","M6",-0.359060721204378,-0.5,6
"PDBDOKYUESOX","M5",-0.359060721204378,-0.5,4
"PDBDOKYUESOX","B7",-0.359060721204378,0.5,5
"PDBDOKYUESOX","B1",-0.359060721204378,0.5,2
"PDBDOKYUESOX","M4",-0.359060721204378,-0.5,5
"PDBDOKYUESOX","M2",-0.359060721204378,-0.5,5
"PDBDOKYUESOX","M8",-0.359060721204378,-0.5,4
"PDBDOKYUESOX","M3",-0.359060721204378,-0.5,4
"PDBDOKYUESOX","M7",-0.359060721204378,-0.5,2
"PDBDOKYUESOX","B3",-0.359060721204378,0.5,6
"PDBDOKYUESOX","M1",-0.359060721204378,-0.5,5
"PLNSODSNJEBE","B2",-0.279957305613375,0.5,5
"PLNSODSNJEBE","B5",-0.279957305613375,0.5,5
"PLNSODSNJEBE","B7",-0.279957305613375,0.5,5
"PLNSODSNJEBE","M4",-0.279957305613375,-0.5,5
"PLNSODSNJEBE","B8",-0.279957305613375,0.5,5
"PLNSODSNJEBE","M1",-0.279957305613375,-0.5,5
"PLNSODSNJEBE","B1",-0.279957305613375,0.5,5
"PLNSODSNJEBE","B6",-0.279957305613375,0.5,5
"PLNSODSNJEBE","M6",-0.279957305613375,-0.5,5
"PLNSODSNJEBE","B3",-0.279957305613375,0.5,5
"PLNSODSNJEBE","M3",-0.279957305613375,-0.5,5
"PLNSODSNJEBE","M7",-0.279957305613375,-0.5,5
"PLNSODSNJEBE","B4",-0.279957305613375,0.5,5
"PLNSODSNJEBE","M8",-0.279957305613375,-0.5,5
"PLNSODSNJEBE","M2",-0.279957305613375,-0.5,5
"PLNSODSNJEBE","M5",-0.279957305613375,-0.5,5
"PMXHJYZKQLJR","M2",0.43197343470565,0.5,5
"PMXHJYZKQLJR","B4",0.43197343470565,-0.5,4
"PMXHJYZKQLJR","M8",0.43197343470565,0.5,3
"PMXHJYZKQLJR","B6",0.43197343470565,-0.5,5
"PMXHJYZKQLJR","B3",0.43197343470565,-0.5,4
"PMXHJYZKQLJR","B1",0.43197343470565,-0.5,7
"PMXHJYZKQLJR","M1",0.43197343470565,0.5,6
"PMXHJYZKQLJR","B2",0.43197343470565,-0.5,6
"PMXHJYZKQLJR","B7",0.43197343470565,-0.5,4
"PMXHJYZKQLJR","M3",0.43197343470565,0.5,3
"PMXHJYZKQLJR","B8",0.43197343470565,-0.5,6
"PMXHJYZKQLJR","M6",0.43197343470565,0.5,5
"PMXHJYZKQLJR","M4",0.43197343470565,0.5,4
"PMXHJYZKQLJR","M7",0.43197343470565,0.5,4
"PMXHJYZKQLJR","M5",0.43197343470565,0.5,5
"PMXHJYZKQLJR","B5",0.43197343470565,-0.5,6
"POZQSUQQDPEN","M1",0.511076850296653,0.5,4
"POZQSUQQDPEN","M2",0.511076850296653,0.5,3
"POZQSUQQDPEN","B5",0.511076850296653,-0.5,3
"POZQSUQQDPEN","M3",0.511076850296653,0.5,3
"POZQSUQQDPEN","B1",0.511076850296653,-0.5,4
"POZQSUQQDPEN","M6",0.511076850296653,0.5,4
"POZQSUQQDPEN","B3",0.511076850296653,-0.5,4
"POZQSUQQDPEN","B4",0.511076850296653,-0.5,5
"POZQSUQQDPEN","M8",0.511076850296653,0.5,6
"POZQSUQQDPEN","B7",0.511076850296653,-0.5,5
"POZQSUQQDPEN","B6",0.511076850296653,-0.5,5
"POZQSUQQDPEN","M4",0.511076850296653,0.5,4
"POZQSUQQDPEN","M5",0.511076850296653,0.5,4
"POZQSUQQDPEN","M7",0.511076850296653,0.5,5
"POZQSUQQDPEN","B2",0.511076850296653,-0.5,5
"POZQSUQQDPEN","B8",0.511076850296653,-0.5,4
"PVUCJZOHGBVC","B5",-0.121750474431369,0.5,8
"PVUCJZOHGBVC","M7",-0.121750474431369,-0.5,8
"PVUCJZOHGBVC","B2",-0.121750474431369,0.5,7
"PVUCJZOHGBVC","B7",-0.121750474431369,0.5,8
"PVUCJZOHGBVC","M6",-0.121750474431369,-0.5,5
"PVUCJZOHGBVC","M2",-0.121750474431369,-0.5,8
"PVUCJZOHGBVC","B8",-0.121750474431369,0.5,8
"PVUCJZOHGBVC","M5",-0.121750474431369,-0.5,8
"PVUCJZOHGBVC","M1",-0.121750474431369,-0.5,7
"PVUCJZOHGBVC","B4",-0.121750474431369,0.5,8
"PVUCJZOHGBVC","B1",-0.121750474431369,0.5,9
"PVUCJZOHGBVC","M3",-0.121750474431369,-0.5,8
"PVUCJZOHGBVC","B3",-0.121750474431369,0.5,8
"PVUCJZOHGBVC","M8",-0.121750474431369,-0.5,4
"PVUCJZOHGBVC","M4",-0.121750474431369,-0.5,8
"PVUCJZOHGBVC","B6",-0.121750474431369,0.5,9
"RFCABOJZIWIU","M1",2.40955882448072,-0.5,7
"RFCABOJZIWIU","M4",2.40955882448072,-0.5,6
"RFCABOJZIWIU","B7",2.40955882448072,0.5,9
"RFCABOJZIWIU","B6",2.40955882448072,0.5,8
"RFCABOJZIWIU","B1",2.40955882448072,0.5,9
"RFCABOJZIWIU","B8",2.40955882448072,0.5,9
"RFCABOJZIWIU","B2",2.40955882448072,0.5,8
"RFCABOJZIWIU","M6",2.40955882448072,-0.5,5
"RFCABOJZIWIU","B4",2.40955882448072,0.5,9
"RFCABOJZIWIU","M3",2.40955882448072,-0.5,7
"RFCABOJZIWIU","B5",2.40955882448072,0.5,9
"RFCABOJZIWIU","M7",2.40955882448072,-0.5,7
"RFCABOJZIWIU","M2",2.40955882448072,-0.5,7
"RFCABOJZIWIU","M5",2.40955882448072,-0.5,5
"RFCABOJZIWIU","B3",2.40955882448072,0.5,9
"RFCABOJZIWIU","M8",2.40955882448072,-0.5,7
"RJYLXBUUVHHX","M1",0.115559772341639,0.5,2
"RJYLXBUUVHHX","B2",0.115559772341639,-0.5,2
"RJYLXBUUVHHX","B3",0.115559772341639,-0.5,3
"RJYLXBUUVHHX","M4",0.115559772341639,0.5,4
"RJYLXBUUVHHX","B8",0.115559772341639,-0.5,2
"RJYLXBUUVHHX","M7",0.115559772341639,0.5,3
"RJYLXBUUVHHX","B4",0.115559772341639,-0.5,2
"RJYLXBUUVHHX","B6",0.115559772341639,-0.5,2
"RJYLXBUUVHHX","B1",0.115559772341639,-0.5,2
"RJYLXBUUVHHX","M8",0.115559772341639,0.5,3
"RJYLXBUUVHHX","M2",0.115559772341639,0.5,2
"RJYLXBUUVHHX","B7",0.115559772341639,-0.5,2
"RJYLXBUUVHHX","B5",0.115559772341639,-0.5,2
"RJYLXBUUVHHX","M6",0.115559772341639,0.5,2
"RJYLXBUUVHHX","M3",0.115559772341639,0.5,3
"RJYLXBUUVHHX","M5",0.115559772341639,0.5,3
"RLYRWKYXZDAA","B8",-1.38740512388741,0.5,5
"RLYRWKYXZDAA","M7",-1.38740512388741,-0.5,5
"RLYRWKYXZDAA","B1",-1.38740512388741,0.5,5
"RLYRWKYXZDAA","B4",-1.38740512388741,0.5,5
"RLYRWKYXZDAA","M4",-1.38740512388741,-0.5,5
"RLYRWKYXZDAA","B2",-1.38740512388741,0.5,5
"RLYRWKYXZDAA","M6",-1.38740512388741,-0.5,5
"RLYRWKYXZDAA","M3",-1.38740512388741,-0.5,5
"RLYRWKYXZDAA","B5",-1.38740512388741,0.5,5
"RLYRWKYXZDAA","B7",-1.38740512388741,0.5,5
"RLYRWKYXZDAA","B6",-1.38740512388741,0.5,5
"RLYRWKYXZDAA","B3",-1.38740512388741,0.5,5
"RLYRWKYXZDAA","M8",-1.38740512388741,-0.5,5
"RLYRWKYXZDAA","M2",-1.38740512388741,-0.5,5
"RLYRWKYXZDAA","M1",-1.38740512388741,-0.5,5
"RLYRWKYXZDAA","M5",-1.38740512388741,-0.5,5
"SGKNZBTPSCWB","B5",0.827490512660664,-0.5,4
"SGKNZBTPSCWB","M1",0.827490512660664,0.5,4
"SGKNZBTPSCWB","B1",0.827490512660664,-0.5,4
"SGKNZBTPSCWB","B4",0.827490512660664,-0.5,4
"SGKNZBTPSCWB","M8",0.827490512660664,0.5,4
"SGKNZBTPSCWB","M5",0.827490512660664,0.5,4
"SGKNZBTPSCWB","B3",0.827490512660664,-0.5,4
"SGKNZBTPSCWB","M3",0.827490512660664,0.5,4
"SGKNZBTPSCWB","B8",0.827490512660664,-0.5,4
"SGKNZBTPSCWB","M7",0.827490512660664,0.5,4
"SGKNZBTPSCWB","B2",0.827490512660664,-0.5,4
"SGKNZBTPSCWB","B7",0.827490512660664,-0.5,4
"SGKNZBTPSCWB","B6",0.827490512660664,-0.5,4
"SGKNZBTPSCWB","M2",0.827490512660664,0.5,4
"SGKNZBTPSCWB","M4",0.827490512660664,0.5,4
"SGKNZBTPSCWB","M6",0.827490512660664,0.5,4
"SGMWPKDHIDBE","B4",0.273766603523645,-0.5,1
"SGMWPKDHIDBE","M2",0.273766603523645,0.5,9
"SGMWPKDHIDBE","B5",0.273766603523645,-0.5,1
"SGMWPKDHIDBE","M6",0.273766603523645,0.5,9
"SGMWPKDHIDBE","M5",0.273766603523645,0.5,9
"SGMWPKDHIDBE","B2",0.273766603523645,-0.5,1
"SGMWPKDHIDBE","M3",0.273766603523645,0.5,9
"SGMWPKDHIDBE","B7",0.273766603523645,-0.5,1
"SGMWPKDHIDBE","M8",0.273766603523645,0.5,9
"SGMWPKDHIDBE","B3",0.273766603523645,-0.5,1
"SGMWPKDHIDBE","M7",0.273766603523645,0.5,9
"SGMWPKDHIDBE","B1",0.273766603523645,-0.5,1
"SGMWPKDHIDBE","B6",0.273766603523645,-0.5,1
"SGMWPKDHIDBE","B8",0.273766603523645,-0.5,1
"SGMWPKDHIDBE","M1",0.273766603523645,0.5,9
"SGMWPKDHIDBE","M4",0.273766603523645,0.5,9
"SMQORHPVPSKF","M4",0.669283681478659,-0.5,1
"SMQORHPVPSKF","M5",0.669283681478659,-0.5,1
"SMQORHPVPSKF","M1",0.669283681478659,-0.5,1
"SMQORHPVPSKF","M7",0.669283681478659,-0.5,1
"SMQORHPVPSKF","B8",0.669283681478659,0.5,5
"SMQORHPVPSKF","B7",0.669283681478659,0.5,9
"SMQORHPVPSKF","M3",0.669283681478659,-0.5,1
"SMQORHPVPSKF","B1",0.669283681478659,0.5,9
"SMQORHPVPSKF","B2",0.669283681478659,0.5,9
"SMQORHPVPSKF","B6",0.669283681478659,0.5,9
"SMQORHPVPSKF","B3",0.669283681478659,0.5,9
"SMQORHPVPSKF","M6",0.669283681478659,-0.5,1
"SMQORHPVPSKF","B4",0.669283681478659,0.5,9
"SMQORHPVPSKF","M2",0.669283681478659,-0.5,1
"SMQORHPVPSKF","M8",0.669283681478659,-0.5,1
"SMQORHPVPSKF","B5",0.669283681478659,0.5,9
"SREZXTKRNLWS","B7",0.0364563567506363,-0.5,1
"SREZXTKRNLWS","B6",0.0364563567506363,-0.5,1
"SREZXTKRNLWS","M8",0.0364563567506363,0.5,9
"SREZXTKRNLWS","B3",0.0364563567506363,-0.5,1
"SREZXTKRNLWS","B2",0.0364563567506363,-0.5,1
"SREZXTKRNLWS","M1",0.0364563567506363,0.5,9
"SREZXTKRNLWS","B5",0.0364563567506363,-0.5,1
"SREZXTKRNLWS","M6",0.0364563567506363,0.5,9
"SREZXTKRNLWS","B1",0.0364563567506363,-0.5,1
"SREZXTKRNLWS","M4",0.0364563567506363,0.5,9
"SREZXTKRNLWS","M2",0.0364563567506363,0.5,9
"SREZXTKRNLWS","M3",0.0364563567506363,0.5,9
"SREZXTKRNLWS","B8",0.0364563567506363,-0.5,1
"SREZXTKRNLWS","M5",0.0364563567506363,0.5,9
"SREZXTKRNLWS","B4",0.0364563567506363,-0.5,1
"SREZXTKRNLWS","M7",0.0364563567506363,0.5,9
"SUPGXHPYHHDB","B8",-1.22919829270541,0.5,7
"SUPGXHPYHHDB","B7",-1.22919829270541,0.5,7
"SUPGXHPYHHDB","B6",-1.22919829270541,0.5,7
"SUPGXHPYHHDB","B2",-1.22919829270541,0.5,8
"SUPGXHPYHHDB","B1",-1.22919829270541,0.5,7
"SUPGXHPYHHDB","M4",-1.22919829270541,-0.5,3
"SUPGXHPYHHDB","M3",-1.22919829270541,-0.5,3
"SUPGXHPYHHDB","B5",-1.22919829270541,0.5,7
"SUPGXHPYHHDB","M5",-1.22919829270541,-0.5,3
"SUPGXHPYHHDB","M1",-1.22919829270541,-0.5,3
"SUPGXHPYHHDB","M2",-1.22919829270541,-0.5,3
"SUPGXHPYHHDB","B4",-1.22919829270541,0.5,8
"SUPGXHPYHHDB","M8",-1.22919829270541,-0.5,2
"SUPGXHPYHHDB","B3",-1.22919829270541,0.5,8
"SUPGXHPYHHDB","M7",-1.22919829270541,-0.5,3
"SUPGXHPYHHDB","M6",-1.22919829270541,-0.5,2
"SVQPDGVRJMGU","B1",1.14390417502468,-0.5,2
"SVQPDGVRJMGU","B3",1.14390417502468,-0.5,2
"SVQPDGVRJMGU","M8",1.14390417502468,0.5,7
"SVQPDGVRJMGU","B7",1.14390417502468,-0.5,2
"SVQPDGVRJMGU","B2",1.14390417502468,-0.5,2
"SVQPDGVRJMGU","M4",1.14390417502468,0.5,8
"SVQPDGVRJMGU","M3",1.14390417502468,0.5,8
"SVQPDGVRJMGU","B4",1.14390417502468,-0.5,2
"SVQPDGVRJMGU","M2",1.14390417502468,0.5,8
"SVQPDGVRJMGU","B6",1.14390417502468,-0.5,2
"SVQPDGVRJMGU","M1",1.14390417502468,0.5,8
"SVQPDGVRJMGU","M6",1.14390417502468,0.5,8
"SVQPDGVRJMGU","B8",1.14390417502468,-0.5,2
"SVQPDGVRJMGU","B5",1.14390417502468,-0.5,2
"SVQPDGVRJMGU","M7",1.14390417502468,0.5,8
"SVQPDGVRJMGU","M5",1.14390417502468,0.5,8
"SYHSGZTBDVDE","M5",-0.912784630341397,0.5,5
"SYHSGZTBDVDE","M1",-0.912784630341397,0.5,2
"SYHSGZTBDVDE","B5",-0.912784630341397,-0.5,6
"SYHSGZTBDVDE","B2",-0.912784630341397,-0.5,6
"SYHSGZTBDVDE","B4",-0.912784630341397,-0.5,5
"SYHSGZTBDVDE","M7",-0.912784630341397,0.5,4
"SYHSGZTBDVDE","M6",-0.912784630341397,0.5,3
"SYHSGZTBDVDE","B7",-0.912784630341397,-0.5,5
"SYHSGZTBDVDE","M2",-0.912784630341397,0.5,3
"SYHSGZTBDVDE","M3",-0.912784630341397,0.5,3
"SYHSGZTBDVDE","B8",-0.912784630341397,-0.5,6
"SYHSGZTBDVDE","B1",-0.912784630341397,-0.5,6
"SYHSGZTBDVDE","M8",-0.912784630341397,0.5,4
"SYHSGZTBDVDE","M4",-0.912784630341397,0.5,4
"SYHSGZTBDVDE","B3",-0.912784630341397,-0.5,6
"SYHSGZTBDVDE","B6",-0.912784630341397,-0.5,6
"SYVDETOMWQXE","B5",0.98569734384267,-0.5,1
"SYVDETOMWQXE","M8",0.98569734384267,0.5,1
"SYVDETOMWQXE","B8",0.98569734384267,-0.5,1
"SYVDETOMWQXE","M2",0.98569734384267,0.5,9
"SYVDETOMWQXE","B2",0.98569734384267,-0.5,1
"SYVDETOMWQXE","B7",0.98569734384267,-0.5,1
"SYVDETOMWQXE","B6",0.98569734384267,-0.5,1
"SYVDETOMWQXE","M5",0.98569734384267,0.5,9
"SYVDETOMWQXE","M1",0.98569734384267,0.5,9
"SYVDETOMWQXE","M7",0.98569734384267,0.5,9
"SYVDETOMWQXE","M3",0.98569734384267,0.5,9
"SYVDETOMWQXE","B1",0.98569734384267,-0.5,1
"SYVDETOMWQXE","B3",0.98569734384267,-0.5,1
"SYVDETOMWQXE","M4",0.98569734384267,0.5,9
"SYVDETOMWQXE","M6",0.98569734384267,0.5,9
"SYVDETOMWQXE","B4",0.98569734384267,-0.5,1
"TAKGCYZPQOZR","B8",-0.912784630341397,0.5,1
"TAKGCYZPQOZR","B2",-0.912784630341397,0.5,2
"TAKGCYZPQOZR","M1",-0.912784630341397,-0.5,7
"TAKGCYZPQOZR","M8",-0.912784630341397,-0.5,7
"TAKGCYZPQOZR","M7",-0.912784630341397,-0.5,2
"TAKGCYZPQOZR","B4",-0.912784630341397,0.5,7
"TAKGCYZPQOZR","M3",-0.912784630341397,-0.5,5
"TAKGCYZPQOZR","B1",-0.912784630341397,0.5,3
"TAKGCYZPQOZR","B3",-0.912784630341397,0.5,3
"TAKGCYZPQOZR","M5",-0.912784630341397,-0.5,5
"TAKGCYZPQOZR","B5",-0.912784630341397,0.5,8
"TAKGCYZPQOZR","B6",-0.912784630341397,0.5,8
"TAKGCYZPQOZR","B7",-0.912784630341397,0.5,2
"TAKGCYZPQOZR","M2",-0.912784630341397,-0.5,2
"TAKGCYZPQOZR","M6",-0.912784630341397,-0.5,2
"TAKGCYZPQOZR","M4",-0.912784630341397,-0.5,8
"TBKRWNJWVFQX","M7",1.53942125297969,0.5,5
"TBKRWNJWVFQX","B7",1.53942125297969,-0.5,7
"TBKRWNJWVFQX","B1",1.53942125297969,-0.5,7
"TBKRWNJWVFQX","M8",1.53942125297969,0.5,5
"TBKRWNJWVFQX","B4",1.53942125297969,-0.5,7
"TBKRWNJWVFQX","B2",1.53942125297969,-0.5,7
"TBKRWNJWVFQX","M4",1.53942125297969,0.5,6
"TBKRWNJWVFQX","M6",1.53942125297969,0.5,6
"TBKRWNJWVFQX","B8",1.53942125297969,-0.5,7
"TBKRWNJWVFQX","M2",1.53942125297969,0.5,6
"TBKRWNJWVFQX","M3",1.53942125297969,0.5,5
"TBKRWNJWVFQX","M5",1.53942125297969,0.5,6
"TBKRWNJWVFQX","B5",1.53942125297969,-0.5,8
"TBKRWNJWVFQX","M1",1.53942125297969,0.5,5
"TBKRWNJWVFQX","B3",1.53942125297969,-0.5,7
"TBKRWNJWVFQX","B6",1.53942125297969,-0.5,8
"TIXRIQYERPHL","B6",-0.675474383568389,-0.5,4
"TIXRIQYERPHL","M3",-0.675474383568389,0.5,2
"TIXRIQYERPHL","M2",-0.675474383568389,0.5,8
"TIXRIQYERPHL","M8",-0.675474383568389,0.5,8
"TIXRIQYERPHL","B1",-0.675474383568389,-0.5,9
"TIXRIQYERPHL","M4",-0.675474383568389,0.5,3
"TIXRIQYERPHL","M1",-0.675474383568389,0.5,1
"TIXRIQYERPHL","B5",-0.675474383568389,-0.5,5
"TIXRIQYERPHL","B7",-0.675474383568389,-0.5,1
"TIXRIQYERPHL","B3",-0.675474383568389,-0.5,1
"TIXRIQYERPHL","M7",-0.675474383568389,0.5,4
"TIXRIQYERPHL","B2",-0.675474383568389,-0.5,7
"TIXRIQYERPHL","B8",-0.675474383568389,-0.5,5
"TIXRIQYERPHL","M6",-0.675474383568389,0.5,4
"TIXRIQYERPHL","B4",-0.675474383568389,-0.5,4
"TIXRIQYERPHL","M5",-0.675474383568389,0.5,7
"TJEVQLKOPGPC","B2",0.748387097069662,0.5,8
"TJEVQLKOPGPC","M4",0.748387097069662,-0.5,2
"TJEVQLKOPGPC","M8",0.748387097069662,-0.5,2
"TJEVQLKOPGPC","M7",0.748387097069662,-0.5,1
"TJEVQLKOPGPC","B8",0.748387097069662,0.5,8
"TJEVQLKOPGPC","B1",0.748387097069662,0.5,9
"TJEVQLKOPGPC","B3",0.748387097069662,0.5,8
"TJEVQLKOPGPC","B5",0.748387097069662,0.5,8
"TJEVQLKOPGPC","B4",0.748387097069662,0.5,8
"TJEVQLKOPGPC","M6",0.748387097069662,-0.5,1
"TJEVQLKOPGPC","M2",0.748387097069662,-0.5,5
"TJEVQLKOPGPC","M5",0.748387097069662,-0.5,2
"TJEVQLKOPGPC","M3",0.748387097069662,-0.5,1
"TJEVQLKOPGPC","M1",0.748387097069662,-0.5,1
"TJEVQLKOPGPC","B7",0.748387097069662,0.5,8
"TJEVQLKOPGPC","B6",0.748387097069662,0.5,8
"TVKUCDJBUOYY","B1",-1.86202561743343,0.5,6
"TVKUCDJBUOYY","B8",-1.86202561743343,0.5,6
"TVKUCDJBUOYY","M7",-1.86202561743343,-0.5,4
"TVKUCDJBUOYY","B3",-1.86202561743343,0.5,6
"TVKUCDJBUOYY","B5",-1.86202561743343,0.5,4
"TVKUCDJBUOYY","M3",-1.86202561743343,-0.5,4
"TVKUCDJBUOYY","B2",-1.86202561743343,0.5,5
"TVKUCDJBUOYY","M4",-1.86202561743343,-0.5,4
"TVKUCDJBUOYY","B7",-1.86202561743343,0.5,6
"TVKUCDJBUOYY","M8",-1.86202561743343,-0.5,4
"TVKUCDJBUOYY","M1",-1.86202561743343,-0.5,4
"TVKUCDJBUOYY","B6",-1.86202561743343,0.5,5
"TVKUCDJBUOYY","B4",-1.86202561743343,0.5,5
"TVKUCDJBUOYY","M2",-1.86202561743343,-0.5,4
"TVKUCDJBUOYY","M5",-1.86202561743343,-0.5,5
"TVKUCDJBUOYY","M6",-1.86202561743343,-0.5,4
"ULHRSGDIYLPZ","M2",1.38121442179768,0.5,6
"ULHRSGDIYLPZ","B3",1.38121442179768,-0.5,1
"ULHRSGDIYLPZ","B1",1.38121442179768,-0.5,2
"ULHRSGDIYLPZ","B4",1.38121442179768,-0.5,1
"ULHRSGDIYLPZ","M3",1.38121442179768,0.5,8
"ULHRSGDIYLPZ","M7",1.38121442179768,0.5,7
"ULHRSGDIYLPZ","M4",1.38121442179768,0.5,9
"ULHRSGDIYLPZ","B5",1.38121442179768,-0.5,1
"ULHRSGDIYLPZ","B7",1.38121442179768,-0.5,1
"ULHRSGDIYLPZ","M8",1.38121442179768,0.5,9
"ULHRSGDIYLPZ","B6",1.38121442179768,-0.5,7
"ULHRSGDIYLPZ","M6",1.38121442179768,0.5,7
"ULHRSGDIYLPZ","M1",1.38121442179768,0.5,9
"ULHRSGDIYLPZ","B8",1.38121442179768,-0.5,7
"ULHRSGDIYLPZ","B2",1.38121442179768,-0.5,1
"ULHRSGDIYLPZ","M5",1.38121442179768,0.5,9
"VBVZCJIIWHKO","B1",-0.359060721204378,0.5,9
"VBVZCJIIWHKO","B8",-0.359060721204378,0.5,9
"VBVZCJIIWHKO","M5",-0.359060721204378,-0.5,1
"VBVZCJIIWHKO","M6",-0.359060721204378,-0.5,1
"VBVZCJIIWHKO","B4",-0.359060721204378,0.5,9
"VBVZCJIIWHKO","M1",-0.359060721204378,-0.5,1
"VBVZCJIIWHKO","B3",-0.359060721204378,0.5,9
"VBVZCJIIWHKO","B7",-0.359060721204378,0.5,9
"VBVZCJIIWHKO","B6",-0.359060721204378,0.5,9
"VBVZCJIIWHKO","M4",-0.359060721204378,-0.5,1
"VBVZCJIIWHKO","M2",-0.359060721204378,-0.5,1
"VBVZCJIIWHKO","M3",-0.359060721204378,-0.5,1
"VBVZCJIIWHKO","M8",-0.359060721204378,-0.5,1
"VBVZCJIIWHKO","M7",-0.359060721204378,-0.5,1
"VBVZCJIIWHKO","B2",-0.359060721204378,0.5,9
"VBVZCJIIWHKO","B5",-0.359060721204378,0.5,9
"VJVYTEWCMFJX","B1",0.115559772341639,-0.5,1
"VJVYTEWCMFJX","B4",0.115559772341639,-0.5,1
"VJVYTEWCMFJX","B6",0.115559772341639,-0.5,1
"VJVYTEWCMFJX","B2",0.115559772341639,-0.5,1
"VJVYTEWCMFJX","M6",0.115559772341639,0.5,9
"VJVYTEWCMFJX","B8",0.115559772341639,-0.5,1
"VJVYTEWCMFJX","M1",0.115559772341639,0.5,9
"VJVYTEWCMFJX","M5",0.115559772341639,0.5,9
"VJVYTEWCMFJX","M8",0.115559772341639,0.5,9
"VJVYTEWCMFJX","M4",0.115559772341639,0.5,9
"VJVYTEWCMFJX","M3",0.115559772341639,0.5,9
"VJVYTEWCMFJX","B7",0.115559772341639,-0.5,1
"VJVYTEWCMFJX","M2",0.115559772341639,0.5,9
"VJVYTEWCMFJX","M7",0.115559772341639,0.5,9
"VJVYTEWCMFJX","B3",0.115559772341639,-0.5,1
"VJVYTEWCMFJX","B5",0.115559772341639,-0.5,1
"VLIHZASOIKGF","M5",0.669283681478659,0.5,7
"VLIHZASOIKGF","B8",0.669283681478659,-0.5,7
"VLIHZASOIKGF","B4",0.669283681478659,-0.5,8
"VLIHZASOIKGF","M3",0.669283681478659,0.5,7
"VLIHZASOIKGF","B3",0.669283681478659,-0.5,8
"VLIHZASOIKGF","M4",0.669283681478659,0.5,7
"VLIHZASOIKGF","B5",0.669283681478659,-0.5,7
"VLIHZASOIKGF","M1",0.669283681478659,0.5,7
"VLIHZASOIKGF","M2",0.669283681478659,0.5,7
"VLIHZASOIKGF","B7",0.669283681478659,-0.5,7
"VLIHZASOIKGF","M7",0.669283681478659,0.5,7
"VLIHZASOIKGF","B6",0.669283681478659,-0.5,7
"VLIHZASOIKGF","M8",0.669283681478659,0.5,8
"VLIHZASOIKGF","M6",0.669283681478659,0.5,8
"VLIHZASOIKGF","B1",0.669283681478659,-0.5,7
"VLIHZASOIKGF","B2",0.669283681478659,-0.5,7
"WAPPVTZXUUQP","M2",-0.438164136795381,0.5,9
"WAPPVTZXUUQP","M3",-0.438164136795381,0.5,9
"WAPPVTZXUUQP","B7",-0.438164136795381,-0.5,1
"WAPPVTZXUUQP","M4",-0.438164136795381,0.5,9
"WAPPVTZXUUQP","M5",-0.438164136795381,0.5,9
"WAPPVTZXUUQP","B6",-0.438164136795381,-0.5,1
"WAPPVTZXUUQP","M8",-0.438164136795381,0.5,9
"WAPPVTZXUUQP","B1",-0.438164136795381,-0.5,1
"WAPPVTZXUUQP","B8",-0.438164136795381,-0.5,1
"WAPPVTZXUUQP","B4",-0.438164136795381,-0.5,1
"WAPPVTZXUUQP","M1",-0.438164136795381,0.5,9
"WAPPVTZXUUQP","B3",-0.438164136795381,-0.5,1
"WAPPVTZXUUQP","B2",-0.438164136795381,-0.5,1
"WAPPVTZXUUQP","B5",-0.438164136795381,-0.5,1
"WAPPVTZXUUQP","M6",-0.438164136795381,0.5,9
"WAPPVTZXUUQP","M7",-0.438164136795381,0.5,9
"WBSTTTHPQHYL","B5",2.80507590243573,-0.5,5
"WBSTTTHPQHYL","M6",2.80507590243573,0.5,8
"WBSTTTHPQHYL","B3",2.80507590243573,-0.5,1
"WBSTTTHPQHYL","B6",2.80507590243573,-0.5,5
"WBSTTTHPQHYL","M4",2.80507590243573,0.5,8
"WBSTTTHPQHYL","B1",2.80507590243573,-0.5,5
"WBSTTTHPQHYL","M8",2.80507590243573,0.5,8
"WBSTTTHPQHYL","B2",2.80507590243573,-0.5,5
"WBSTTTHPQHYL","M2",2.80507590243573,0.5,1
"WBSTTTHPQHYL","M7",2.80507590243573,0.5,8
"WBSTTTHPQHYL","B7",2.80507590243573,-0.5,6
"WBSTTTHPQHYL","M5",2.80507590243573,0.5,8
"WBSTTTHPQHYL","B4",2.80507590243573,-0.5,8
"WBSTTTHPQHYL","M1",2.80507590243573,0.5,8
"WBSTTTHPQHYL","M3",2.80507590243573,0.5,8
"WBSTTTHPQHYL","B8",2.80507590243573,-0.5,1
"WSZXHJGIMOHU","M2",0.115559772341639,0.5,8
"WSZXHJGIMOHU","M7",0.115559772341639,0.5,8
"WSZXHJGIMOHU","M4",0.115559772341639,0.5,8
"WSZXHJGIMOHU","M5",0.115559772341639,0.5,8
"WSZXHJGIMOHU","B1",0.115559772341639,-0.5,2
"WSZXHJGIMOHU","B2",0.115559772341639,-0.5,2
"WSZXHJGIMOHU","M6",0.115559772341639,0.5,8
"WSZXHJGIMOHU","B4",0.115559772341639,-0.5,2
"WSZXHJGIMOHU","B8",0.115559772341639,-0.5,2
"WSZXHJGIMOHU","M8",0.115559772341639,0.5,8
"WSZXHJGIMOHU","B3",0.115559772341639,-0.5,2
"WSZXHJGIMOHU","B5",0.115559772341639,-0.5,2
"WSZXHJGIMOHU","B6",0.115559772341639,-0.5,2
"WSZXHJGIMOHU","B7",0.115559772341639,-0.5,2
"WSZXHJGIMOHU","M3",0.115559772341639,0.5,8
"WSZXHJGIMOHU","M1",0.115559772341639,0.5,8
"WVHBXYEWUKIP","M2",0.43197343470565,-0.5,3
"WVHBXYEWUKIP","B6",0.43197343470565,0.5,7
"WVHBXYEWUKIP","B1",0.43197343470565,0.5,7
"WVHBXYEWUKIP","M6",0.43197343470565,-0.5,4
"WVHBXYEWUKIP","M1",0.43197343470565,-0.5,3
"WVHBXYEWUKIP","B7",0.43197343470565,0.5,5
"WVHBXYEWUKIP","B5",0.43197343470565,0.5,6
"WVHBXYEWUKIP","M4",0.43197343470565,-0.5,3
"WVHBXYEWUKIP","M3",0.43197343470565,-0.5,3
"WVHBXYEWUKIP","B3",0.43197343470565,0.5,7
"WVHBXYEWUKIP","M5",0.43197343470565,-0.5,4
"WVHBXYEWUKIP","B8",0.43197343470565,0.5,5
"WVHBXYEWUKIP","B2",0.43197343470565,0.5,5
"WVHBXYEWUKIP","M8",0.43197343470565,-0.5,4
"WVHBXYEWUKIP","B4",0.43197343470565,0.5,5
"WVHBXYEWUKIP","M7",0.43197343470565,-0.5,4
"XAWUPFROBYPC","B8",0.352870019114647,-0.5,5
"XAWUPFROBYPC","B7",0.352870019114647,-0.5,5
"XAWUPFROBYPC","M8",0.352870019114647,0.5,4
"XAWUPFROBYPC","B3",0.352870019114647,-0.5,4
"XAWUPFROBYPC","B5",0.352870019114647,-0.5,4
"XAWUPFROBYPC","M3",0.352870019114647,0.5,5
"XAWUPFROBYPC","B2",0.352870019114647,-0.5,5
"XAWUPFROBYPC","M2",0.352870019114647,0.5,4
"XAWUPFROBYPC","B1",0.352870019114647,-0.5,4
"XAWUPFROBYPC","B6",0.352870019114647,-0.5,5
"XAWUPFROBYPC","M5",0.352870019114647,0.5,5
"XAWUPFROBYPC","M4",0.352870019114647,0.5,4
"XAWUPFROBYPC","M7",0.352870019114647,0.5,4
"XAWUPFROBYPC","M1",0.352870019114647,0.5,5
"XAWUPFROBYPC","M6",0.352870019114647,0.5,6
"XAWUPFROBYPC","B4",0.352870019114647,-0.5,5
"XDKKMRYXUQOI","B4",0.511076850296653,0.5,9
"XDKKMRYXUQOI","M1",0.511076850296653,-0.5,1
"XDKKMRYXUQOI","B7",0.511076850296653,0.5,9
"XDKKMRYXUQOI","B5",0.511076850296653,0.5,9
"XDKKMRYXUQOI","B2",0.511076850296653,0.5,9
"XDKKMRYXUQOI","M2",0.511076850296653,-0.5,1
"XDKKMRYXUQOI","M8",0.511076850296653,-0.5,1
"XDKKMRYXUQOI","B6",0.511076850296653,0.5,9
"XDKKMRYXUQOI","B8",0.511076850296653,0.5,9
"XDKKMRYXUQOI","M6",0.511076850296653,-0.5,1
"XDKKMRYXUQOI","M4",0.511076850296653,-0.5,1
"XDKKMRYXUQOI","M5",0.511076850296653,-0.5,1
"XDKKMRYXUQOI","B1",0.511076850296653,0.5,9
"XDKKMRYXUQOI","B3",0.511076850296653,0.5,9
"XDKKMRYXUQOI","M7",0.511076850296653,-0.5,1
"XDKKMRYXUQOI","M3",0.511076850296653,-0.5,1
"XGLUNRDXTKWR","B2",-1.94112903302443,-0.5,2
"XGLUNRDXTKWR","B3",-1.94112903302443,-0.5,2
"XGLUNRDXTKWR","M3",-1.94112903302443,0.5,8
"XGLUNRDXTKWR","B1",-1.94112903302443,-0.5,2
"XGLUNRDXTKWR","M7",-1.94112903302443,0.5,8
"XGLUNRDXTKWR","B8",-1.94112903302443,-0.5,2
"XGLUNRDXTKWR","B7",-1.94112903302443,-0.5,2
"XGLUNRDXTKWR","M2",-1.94112903302443,0.5,9
"XGLUNRDXTKWR","M4",-1.94112903302443,0.5,9
"XGLUNRDXTKWR","M8",-1.94112903302443,0.5,9
"XGLUNRDXTKWR","B5",-1.94112903302443,-0.5,2
"XGLUNRDXTKWR","B4",-1.94112903302443,-0.5,2
"XGLUNRDXTKWR","M1",-1.94112903302443,0.5,9
"XGLUNRDXTKWR","M6",-1.94112903302443,0.5,9
"XGLUNRDXTKWR","M5",-1.94112903302443,0.5,8
"XGLUNRDXTKWR","B6",-1.94112903302443,-0.5,2
"XSTLBMRXEGIR","M5",0.194663187932642,0.5,9
"XSTLBMRXEGIR","B4",0.194663187932642,-0.5,1
"XSTLBMRXEGIR","M7",0.194663187932642,0.5,8
"XSTLBMRXEGIR","B1",0.194663187932642,-0.5,1
"XSTLBMRXEGIR","B6",0.194663187932642,-0.5,1
"XSTLBMRXEGIR","B5",0.194663187932642,-0.5,1
"XSTLBMRXEGIR","M8",0.194663187932642,0.5,9
"XSTLBMRXEGIR","M2",0.194663187932642,0.5,8
"XSTLBMRXEGIR","M3",0.194663187932642,0.5,8
"XSTLBMRXEGIR","B2",0.194663187932642,-0.5,1
"XSTLBMRXEGIR","M6",0.194663187932642,0.5,9
"XSTLBMRXEGIR","M1",0.194663187932642,0.5,9
"XSTLBMRXEGIR","B7",0.194663187932642,-0.5,8
"XSTLBMRXEGIR","M4",0.194663187932642,0.5,9
"XSTLBMRXEGIR","B3",0.194663187932642,-0.5,1
"XSTLBMRXEGIR","B8",0.194663187932642,-0.5,1
"XXNUQNRFUMSJ","B3",-1.46650853947842,0.5,8
"XXNUQNRFUMSJ","B6",-1.46650853947842,0.5,1
"XXNUQNRFUMSJ","M5",-1.46650853947842,-0.5,2
"XXNUQNRFUMSJ","M7",-1.46650853947842,-0.5,1
"XXNUQNRFUMSJ","B1",-1.46650853947842,0.5,8
"XXNUQNRFUMSJ","B8",-1.46650853947842,0.5,4
"XXNUQNRFUMSJ","M2",-1.46650853947842,-0.5,2
"XXNUQNRFUMSJ","B5",-1.46650853947842,0.5,9
"XXNUQNRFUMSJ","B2",-1.46650853947842,0.5,8
"XXNUQNRFUMSJ","B4",-1.46650853947842,0.5,9
"XXNUQNRFUMSJ","M8",-1.46650853947842,-0.5,3
"XXNUQNRFUMSJ","M1",-1.46650853947842,-0.5,3
"XXNUQNRFUMSJ","B7",-1.46650853947842,0.5,9
"XXNUQNRFUMSJ","M6",-1.46650853947842,-0.5,1
"XXNUQNRFUMSJ","M4",-1.46650853947842,-0.5,1
"XXNUQNRFUMSJ","M3",-1.46650853947842,-0.5,3
"XYTUBUVVHKDP","B5",0.194663187932642,-0.5,2
"XYTUBUVVHKDP","B1",0.194663187932642,-0.5,2
"XYTUBUVVHKDP","M8",0.194663187932642,0.5,8
"XYTUBUVVHKDP","M1",0.194663187932642,0.5,8
"XYTUBUVVHKDP","B2",0.194663187932642,-0.5,3
"XYTUBUVVHKDP","B6",0.194663187932642,-0.5,4
"XYTUBUVVHKDP","B4",0.194663187932642,-0.5,2
"XYTUBUVVHKDP","M3",0.194663187932642,0.5,6
"XYTUBUVVHKDP","M7",0.194663187932642,0.5,8
"XYTUBUVVHKDP","B3",0.194663187932642,-0.5,3
"XYTUBUVVHKDP","M4",0.194663187932642,0.5,6
"XYTUBUVVHKDP","M6",0.194663187932642,0.5,8
"XYTUBUVVHKDP","B7",0.194663187932642,-0.5,1
"XYTUBUVVHKDP","B8",0.194663187932642,-0.5,1
"XYTUBUVVHKDP","M2",0.194663187932642,0.5,8
"XYTUBUVVHKDP","M5",0.194663187932642,0.5,8
"YDXFGGWREKZD","M2",-1.94112903302443,0.5,7
"YDXFGGWREKZD","B5",-1.94112903302443,-0.5,2
"YDXFGGWREKZD","B1",-1.94112903302443,-0.5,3
"YDXFGGWREKZD","B2",-1.94112903302443,-0.5,3
"YDXFGGWREKZD","M4",-1.94112903302443,0.5,7
"YDXFGGWREKZD","M1",-1.94112903302443,0.5,9
"YDXFGGWREKZD","M8",-1.94112903302443,0.5,4
"YDXFGGWREKZD","B8",-1.94112903302443,-0.5,3
"YDXFGGWREKZD","M6",-1.94112903302443,0.5,4
"YDXFGGWREKZD","B3",-1.94112903302443,-0.5,1
"YDXFGGWREKZD","B7",-1.94112903302443,-0.5,1
"YDXFGGWREKZD","M3",-1.94112903302443,0.5,5
"YDXFGGWREKZD","B6",-1.94112903302443,-0.5,3
"YDXFGGWREKZD","M5",-1.94112903302443,0.5,6
"YDXFGGWREKZD","B4",-1.94112903302443,-0.5,1
"YDXFGGWREKZD","M7",-1.94112903302443,0.5,5
"YHTNYBUZICUP","M6",0.98569734384267,0.5,5
"YHTNYBUZICUP","B4",0.98569734384267,-0.5,4
"YHTNYBUZICUP","M5",0.98569734384267,0.5,3
"YHTNYBUZICUP","B6",0.98569734384267,-0.5,4
"YHTNYBUZICUP","B2",0.98569734384267,-0.5,3
"YHTNYBUZICUP","B8",0.98569734384267,-0.5,5
"YHTNYBUZICUP","M8",0.98569734384267,0.5,3
"YHTNYBUZICUP","M1",0.98569734384267,0.5,3
"YHTNYBUZICUP","B3",0.98569734384267,-0.5,5
"YHTNYBUZICUP","B5",0.98569734384267,-0.5,5
"YHTNYBUZICUP","M2",0.98569734384267,0.5,4
"YHTNYBUZICUP","M7",0.98569734384267,0.5,4
"YHTNYBUZICUP","B7",0.98569734384267,-0.5,3
"YHTNYBUZICUP","M4",0.98569734384267,0.5,3
"YHTNYBUZICUP","M3",0.98569734384267,0.5,4
"YHTNYBUZICUP","B1",0.98569734384267,-0.5,2
"YUMFYKUOWTDY","M6",-0.121750474431369,0.5,5
"YUMFYKUOWTDY","M1",-0.121750474431369,0.5,6
"YUMFYKUOWTDY","B1",-0.121750474431369,-0.5,3
"YUMFYKUOWTDY","M7",-0.121750474431369,0.5,3
"YUMFYKUOWTDY","B5",-0.121750474431369,-0.5,5
"YUMFYKUOWTDY","B7",-0.121750474431369,-0.5,4
"YUMFYKUOWTDY","B8",-0.121750474431369,-0.5,3
"YUMFYKUOWTDY","M5",-0.121750474431369,0.5,4
"YUMFYKUOWTDY","B2",-0.121750474431369,-0.5,4
"YUMFYKUOWTDY","M3",-0.121750474431369,0.5,3
"YUMFYKUOWTDY","M2",-0.121750474431369,0.5,7
"YUMFYKUOWTDY","M4",-0.121750474431369,0.5,7
"YUMFYKUOWTDY","B6",-0.121750474431369,-0.5,3
"YUMFYKUOWTDY","B3",-0.121750474431369,-0.5,4
"YUMFYKUOWTDY","M8",-0.121750474431369,0.5,5
"YUMFYKUOWTDY","B4",-0.121750474431369,-0.5,7
"YUVNEOJJKYIX","M3",0.827490512660664,0.5,7
"YUVNEOJJKYIX","B7",0.827490512660664,-0.5,6
"YUVNEOJJKYIX","M6",0.827490512660664,0.5,7
"YUVNEOJJKYIX","M8",0.827490512660664,0.5,6
"YUVNEOJJKYIX","M7",0.827490512660664,0.5,7
"YUVNEOJJKYIX","B8",0.827490512660664,-0.5,7
"YUVNEOJJKYIX","M1",0.827490512660664,0.5,7
"YUVNEOJJKYIX","B6",0.827490512660664,-0.5,6
"YUVNEOJJKYIX","M5",0.827490512660664,0.5,6
"YUVNEOJJKYIX","M2",0.827490512660664,0.5,6
"YUVNEOJJKYIX","M4",0.827490512660664,0.5,6
"YUVNEOJJKYIX","B3",0.827490512660664,-0.5,6
"YUVNEOJJKYIX","B2",0.827490512660664,-0.5,6
"YUVNEOJJKYIX","B4",0.827490512660664,-0.5,6
"YUVNEOJJKYIX","B5",0.827490512660664,-0.5,6
"YUVNEOJJKYIX","B1",0.827490512660664,-0.5,6
"YVVWMFXHDXPF","M2",0.273766603523645,-0.5,3
"YVVWMFXHDXPF","M7",0.273766603523645,-0.5,3
"YVVWMFXHDXPF","B5",0.273766603523645,0.5,3
"YVVWMFXHDXPF","M4",0.273766603523645,-0.5,4
"YVVWMFXHDXPF","B1",0.273766603523645,0.5,3
"YVVWMFXHDXPF","B2",0.273766603523645,0.5,3
"YVVWMFXHDXPF","M6",0.273766603523645,-0.5,5
"YVVWMFXHDXPF","B4",0.273766603523645,0.5,4
"YVVWMFXHDXPF","B7",0.273766603523645,0.5,4
"YVVWMFXHDXPF","M8",0.273766603523645,-0.5,5
"YVVWMFXHDXPF","B3",0.273766603523645,0.5,2
"YVVWMFXHDXPF","M3",0.273766603523645,-0.5,5
"YVVWMFXHDXPF","B6",0.273766603523645,0.5,5
"YVVWMFXHDXPF","M1",0.273766603523645,-0.5,6
"YVVWMFXHDXPF","B8",0.273766603523645,0.5,4
"YVVWMFXHDXPF","M5",0.273766603523645,-0.5,5
"YWJEJKPBSARE","M5",-0.9918880459324,-0.5,3
"YWJEJKPBSARE","M8",-0.9918880459324,-0.5,3
"YWJEJKPBSARE","M2",-0.9918880459324,-0.5,5
"YWJEJKPBSARE","M3",-0.9918880459324,-0.5,1
"YWJEJKPBSARE","M1",-0.9918880459324,-0.5,2
"YWJEJKPBSARE","B1",-0.9918880459324,0.5,6
"YWJEJKPBSARE","B2",-0.9918880459324,0.5,8
"YWJEJKPBSARE","B6",-0.9918880459324,0.5,6
"YWJEJKPBSARE","B7",-0.9918880459324,0.5,6
"YWJEJKPBSARE","M7",-0.9918880459324,-0.5,2
"YWJEJKPBSARE","M6",-0.9918880459324,-0.5,3
"YWJEJKPBSARE","B5",-0.9918880459324,0.5,8
"YWJEJKPBSARE","B4",-0.9918880459324,0.5,8
"YWJEJKPBSARE","B8",-0.9918880459324,0.5,2
"YWJEJKPBSARE","M4",-0.9918880459324,-0.5,2
"YWJEJKPBSARE","B3",-0.9918880459324,0.5,8
"ZBHLKTHBDWEE","B7",-0.517267552386383,-0.5,3
"ZBHLKTHBDWEE","M3",-0.517267552386383,0.5,8
"ZBHLKTHBDWEE","B3",-0.517267552386383,-0.5,2
"ZBHLKTHBDWEE","M8",-0.517267552386383,0.5,7
"ZBHLKTHBDWEE","B4",-0.517267552386383,-0.5,2
"ZBHLKTHBDWEE","B1",-0.517267552386383,-0.5,2
"ZBHLKTHBDWEE","M2",-0.517267552386383,0.5,7
"ZBHLKTHBDWEE","M7",-0.517267552386383,0.5,7
"ZBHLKTHBDWEE","B2",-0.517267552386383,-0.5,2
"ZBHLKTHBDWEE","M6",-0.517267552386383,0.5,7
"ZBHLKTHBDWEE","B8",-0.517267552386383,-0.5,2
"ZBHLKTHBDWEE","B5",-0.517267552386383,-0.5,2
"ZBHLKTHBDWEE","M4",-0.517267552386383,0.5,7
"ZBHLKTHBDWEE","M5",-0.517267552386383,0.5,7
"ZBHLKTHBDWEE","M1",-0.517267552386383,0.5,7
"ZBHLKTHBDWEE","B6",-0.517267552386383,-0.5,2
"ZBHYBYLXPPQA","M5",-0.121750474431369,-0.5,8
"ZBHYBYLXPPQA","B3",-0.121750474431369,0.5,8
"ZBHYBYLXPPQA","M8",-0.121750474431369,-0.5,1
"ZBHYBYLXPPQA","B2",-0.121750474431369,0.5,8
"ZBHYBYLXPPQA","M4",-0.121750474431369,-0.5,1
"ZBHYBYLXPPQA","M2",-0.121750474431369,-0.5,1
"ZBHYBYLXPPQA","M1",-0.121750474431369,-0.5,5
"ZBHYBYLXPPQA","B5",-0.121750474431369,0.5,9
"ZBHYBYLXPPQA","M6",-0.121750474431369,-0.5,1
"ZBHYBYLXPPQA","B7",-0.121750474431369,0.5,9
"ZBHYBYLXPPQA","M3",-0.121750474431369,-0.5,1
"ZBHYBYLXPPQA","B8",-0.121750474431369,0.5,8
"ZBHYBYLXPPQA","B4",-0.121750474431369,0.5,8
"ZBHYBYLXPPQA","B6",-0.121750474431369,0.5,8
"ZBHYBYLXPPQA","M7",-0.121750474431369,-0.5,1
"ZBHYBYLXPPQA","B1",-0.121750474431369,0.5,8
"ZCFJHSYHWMQK","M5",-2.33664611097945,-0.5,5
"ZCFJHSYHWMQK","M4",-2.33664611097945,-0.5,8
"ZCFJHSYHWMQK","M8",-2.33664611097945,-0.5,7
"ZCFJHSYHWMQK","B4",-2.33664611097945,0.5,9
"ZCFJHSYHWMQK","B7",-2.33664611097945,0.5,9
"ZCFJHSYHWMQK","B1",-2.33664611097945,0.5,8
"ZCFJHSYHWMQK","M2",-2.33664611097945,-0.5,7
"ZCFJHSYHWMQK","M7",-2.33664611097945,-0.5,7
"ZCFJHSYHWMQK","B2",-2.33664611097945,0.5,8
"ZCFJHSYHWMQK","B6",-2.33664611097945,0.5,9
"ZCFJHSYHWMQK","M6",-2.33664611097945,-0.5,7
"ZCFJHSYHWMQK","B8",-2.33664611097945,0.5,7
"ZCFJHSYHWMQK","M1",-2.33664611097945,-0.5,6
"ZCFJHSYHWMQK","B3",-2.33664611097945,0.5,8
"ZCFJHSYHWMQK","B5",-2.33664611097945,0.5,7
"ZCFJHSYHWMQK","M3",-2.33664611097945,-0.5,5
"ZGVQKOMTQJSF","M8",-0.279957305613375,-0.5,2
"ZGVQKOMTQJSF","B6",-0.279957305613375,0.5,4
"ZGVQKOMTQJSF","B8",-0.279957305613375,0.5,4
"ZGVQKOMTQJSF","M7",-0.279957305613375,-0.5,3
"ZGVQKOMTQJSF","B5",-0.279957305613375,0.5,8
"ZGVQKOMTQJSF","B3",-0.279957305613375,0.5,8
"ZGVQKOMTQJSF","M1",-0.279957305613375,-0.5,1
"ZGVQKOMTQJSF","M2",-0.279957305613375,-0.5,2
"ZGVQKOMTQJSF","M3",-0.279957305613375,-0.5,1
"ZGVQKOMTQJSF","B2",-0.279957305613375,0.5,7
"ZGVQKOMTQJSF","B4",-0.279957305613375,0.5,8
"ZGVQKOMTQJSF","M5",-0.279957305613375,-0.5,2
"ZGVQKOMTQJSF","M6",-0.279957305613375,-0.5,2
"ZGVQKOMTQJSF","M4",-0.279957305613375,-0.5,2
"ZGVQKOMTQJSF","B7",-0.279957305613375,0.5,7
"ZGVQKOMTQJSF","B1",-0.279957305613375,0.5,8
"ZHFAUPUDMPAH","M2",0.827490512660664,-0.5,8
"ZHFAUPUDMPAH","M6",0.827490512660664,-0.5,9
"ZHFAUPUDMPAH","B5",0.827490512660664,0.5,7
"ZHFAUPUDMPAH","B3",0.827490512660664,0.5,8
"ZHFAUPUDMPAH","M3",0.827490512660664,-0.5,8
"ZHFAUPUDMPAH","M4",0.827490512660664,-0.5,6
"ZHFAUPUDMPAH","B1",0.827490512660664,0.5,9
"ZHFAUPUDMPAH","M1",0.827490512660664,-0.5,8
"ZHFAUPUDMPAH","B6",0.827490512660664,0.5,9
"ZHFAUPUDMPAH","B8",0.827490512660664,0.5,8
"ZHFAUPUDMPAH","M7",0.827490512660664,-0.5,7
"ZHFAUPUDMPAH","M5",0.827490512660664,-0.5,7
"ZHFAUPUDMPAH","B7",0.827490512660664,0.5,9
"ZHFAUPUDMPAH","B4",0.827490512660664,0.5,7
"ZHFAUPUDMPAH","M8",0.827490512660664,-0.5,9
"ZHFAUPUDMPAH","B2",0.827490512660664,0.5,9
"ZPZQRDVFDNZO","M8",-0.0426470588403666,0.5,2
"ZPZQRDVFDNZO","M7",-0.0426470588403666,0.5,8
"ZPZQRDVFDNZO","M5",-0.0426470588403666,0.5,8
"ZPZQRDVFDNZO","M4",-0.0426470588403666,0.5,7
"ZPZQRDVFDNZO","B7",-0.0426470588403666,-0.5,1
"ZPZQRDVFDNZO","B4",-0.0426470588403666,-0.5,1
"ZPZQRDVFDNZO","B1",-0.0426470588403666,-0.5,2
"ZPZQRDVFDNZO","B3",-0.0426470588403666,-0.5,1
"ZPZQRDVFDNZO","M6",-0.0426470588403666,0.5,8
"ZPZQRDVFDNZO","B6",-0.0426470588403666,-0.5,3
"ZPZQRDVFDNZO","B5",-0.0426470588403666,-0.5,1
"ZPZQRDVFDNZO","M3",-0.0426470588403666,0.5,9
"ZPZQRDVFDNZO","M2",-0.0426470588403666,0.5,7
"ZPZQRDVFDNZO","M1",-0.0426470588403666,0.5,9
"ZPZQRDVFDNZO","B2",-0.0426470588403666,-0.5,1
"ZPZQRDVFDNZO","B8",-0.0426470588403666,-0.5,2
"ZZZEYECQYJNW","M5",-0.121750474431369,-0.5,4
"ZZZEYECQYJNW","M6",-0.121750474431369,-0.5,5
"ZZZEYECQYJNW","M8",-0.121750474431369,-0.5,5
"ZZZEYECQYJNW","B7",-0.121750474431369,0.5,6
"ZZZEYECQYJNW","M2",-0.121750474431369,-0.5,5
"ZZZEYECQYJNW","B5",-0.121750474431369,0.5,6
"ZZZEYECQYJNW","B1",-0.121750474431369,0.5,6
"ZZZEYECQYJNW","M1",-0.121750474431369,-0.5,5
"ZZZEYECQYJNW","M4",-0.121750474431369,-0.5,5
"ZZZEYECQYJNW","M7",-0.121750474431369,-0.5,5
"ZZZEYECQYJNW","B4",-0.121750474431369,0.5,5
"ZZZEYECQYJNW","B2",-0.121750474431369,0.5,6
"ZZZEYECQYJNW","M3",-0.121750474431369,-0.5,5
"ZZZEYECQYJNW","B6",-0.121750474431369,0.5,5
"ZZZEYECQYJNW","B8",-0.121750474431369,0.5,5
"ZZZEYECQYJNW","B3",-0.121750474431369,0.5,6
